{
  "type": "FeatureCollection",
  "features": [
    {
      "type": "Feature",
      "properties": {
        "hut_id": "adamek-hutte-at",
        "hut": "Adamek-Hütte, AT",
        "name": "Adamek-Hütte",
        "country": "AT",
        "geocode_status": "OK",
        "formatted_address": "Gosau 306, 4824 Gosau, Österreich",
        "query_used": "Adamek-Hütte Austria",
        "reservation_url": "https://www.hut-reservation.org/reservation/book-hut/491/wizard",
        "website": "https://www.adamek.at/"
      },
      "geometry": {
        "type": "Point",
        "coordinates": [
          13.58392,
          47.492209
        ]
      }
    },
    {
      "type": "Feature",
      "properties": {
        "hut_id": "adolf-nossberger-hutte-at",
        "hut": "Adolf-Noßberger-Hütte, AT",
        "name": "Adolf-Noßberger-Hütte",
        "country": "AT",
        "geocode_status": "OK",
        "formatted_address": "Wiener Hoehenweg, 9843 Großkirchheim, Österreich",
        "query_used": "Adolf-Noßberger-Hütte Austria",
        "reservation_url": "https://www.hut-reservation.org/reservation/book-hut/408/wizard",
        "website": "https://www.nossberger.at/"
      },
      "geometry": {
        "type": "Point",
        "coordinates": [
          12.781181,
          46.953985
        ]
      }
    },
    {
      "type": "Feature",
      "properties": {
        "hut_id": "almtaler-haus-at",
        "hut": "Almtaler Haus, AT",
        "name": "Almtaler Haus",
        "country": "AT",
        "geocode_status": "OK",
        "formatted_address": "Hetzau 7, 4645 Grünau im Almtal, Österreich",
        "query_used": "Almtaler Haus Austria",
        "reservation_url": "https://www.hut-reservation.org/reservation/book-hut/416/wizard",
        "website": "https://www.almtalerhaus.com/"
      },
      "geometry": {
        "type": "Point",
        "coordinates": [
          14.017935,
          47.754855
        ]
      }
    },
    {
      "type": "Feature",
      "properties": {
        "hut_id": "alois-gunther-haus-at",
        "hut": "Alois-Günther-Haus, AT",
        "name": "Alois-Günther-Haus",
        "country": "AT",
        "geocode_status": "OK",
        "formatted_address": "Stuhleck 4, 8685 Spital am Semmering, Österreich",
        "query_used": "Alois-Günther-Haus Austria",
        "reservation_url": "https://www.hut-reservation.org/reservation/book-hut/411/wizard",
        "website": "https://www.aloisguentherhaus.at/"
      },
      "geometry": {
        "type": "Point",
        "coordinates": [
          15.7906,
          47.5743
        ]
      }
    },
    {
      "type": "Feature",
      "properties": {
        "hut_id": "alpenrose-hutte-zillertal-at",
        "hut": "Alpenrose-Hütte Zillertal, AT",
        "name": "Alpenrose-Hütte Zillertal",
        "country": "AT",
        "geocode_status": "OK",
        "formatted_address": "Zemmgrund 281, 6295, Österreich",
        "query_used": "Alpenrose-Hütte Zillertal Austria",
        "reservation_url": "https://www.hut-reservation.org/reservation/book-hut/303/wizard",
        "website": "https://www.alpenrose-huette.at/"
      },
      "geometry": {
        "type": "Point",
        "coordinates": [
          11.801511,
          47.025345
        ]
      }
    },
    {
      "type": "Feature",
      "properties": {
        "hut_id": "alpenrosenhutte-im-brixental-at",
        "hut": "Alpenrosenhütte im Brixental, AT",
        "name": "Alpenrosenhütte im Brixental",
        "country": "AT",
        "geocode_status": "OK",
        "formatted_address": "Brixental, 6364, Österreich",
        "query_used": "Alpenrosenhütte im Brixental Austria",
        "reservation_url": "https://www.hut-reservation.org/reservation/book-hut/114/wizard",
        "website": "https://www.alpenrosenhuette.at/"
      },
      "geometry": {
        "type": "Point",
        "coordinates": [
          12.237699,
          47.419968
        ]
      }
    },
    {
      "type": "Feature",
      "properties": {
        "hut_id": "anhalter-hutte-at",
        "hut": "Anhalter Hütte, AT",
        "name": "Anhalter Hütte",
        "country": "AT",
        "geocode_status": "OK",
        "formatted_address": "Anhalter Hütte 101, 6460 Gemeinde Imst, Österreich",
        "query_used": "Anhalter Hütte Austria",
        "reservation_url": "https://www.hut-reservation.org/reservation/book-hut/395/wizard",
        "website": "https://www.dav-obererneckar.de/Huetten_Wege/Anhalter%20Huette"
      },
      "geometry": {
        "type": "Point",
        "coordinates": [
          10.667783,
          47.301383
        ]
      }
    },
    {
      "type": "Feature",
      "properties": {
        "hut_id": "annaberger-haus-at",
        "hut": "Annaberger Haus, AT",
        "name": "Annaberger Haus",
        "country": "AT",
        "geocode_status": "OK",
        "formatted_address": "Annarotte 177, 3222 Annaberg, Österreich",
        "query_used": "Annaberger Haus Austria",
        "reservation_url": "https://www.hut-reservation.org/reservation/book-hut/146/wizard",
        "website": "http://www.annaberger-haus.at/"
      },
      "geometry": {
        "type": "Point",
        "coordinates": [
          15.421109,
          47.873668
        ]
      }
    },
    {
      "type": "Feature",
      "properties": {
        "hut_id": "anton-karg-haus-at",
        "hut": "Anton-Karg-Haus, AT",
        "name": "Anton-Karg-Haus",
        "country": "AT",
        "geocode_status": "OK",
        "formatted_address": "Kaisertal 2, 6330 Kufstein, Österreich",
        "query_used": "Anton-Karg-Haus Austria",
        "reservation_url": "https://www.hut-reservation.org/reservation/book-hut/172/wizard",
        "website": "https://www.antonkarghaus.at/"
      },
      "geometry": {
        "type": "Point",
        "coordinates": [
          12.277278,
          47.580049
        ]
      }
    },
    {
      "type": "Feature",
      "properties": {
        "hut_id": "arthur-von-schmid-haus-at",
        "hut": "Arthur-von-Schmid-Haus, AT",
        "name": "Arthur-von-Schmid-Haus",
        "country": "AT",
        "geocode_status": "OK",
        "formatted_address": "Arthur von Schmidhaus, 9822 Mallnitz, Österreich",
        "query_used": "Arthur-von-Schmid-Haus Austria",
        "reservation_url": "https://www.hut-reservation.org/reservation/book-hut/711/wizard",
        "website": "https://www.arthurvonschmidhaus.at/"
      },
      "geometry": {
        "type": "Point",
        "coordinates": [
          13.267216,
          46.989098
        ]
      }
    },
    {
      "type": "Feature",
      "properties": {
        "hut_id": "ascher-hutte-at",
        "hut": "Ascher Hütte, AT",
        "name": "Ascher Hütte",
        "country": "AT",
        "geocode_status": "OK",
        "formatted_address": "Ascher Hütte 110, 6553 See, Österreich",
        "query_used": "Ascher Hütte Austria",
        "reservation_url": "https://www.hut-reservation.org/reservation/book-hut/63/wizard",
        "website": "https://dav-pfaffenhofen.de/huetten/ascher-huette"
      },
      "geometry": {
        "type": "Point",
        "coordinates": [
          10.504789,
          47.066483
        ]
      }
    },
    {
      "type": "Feature",
      "properties": {
        "hut_id": "augsburger-hutte-at",
        "hut": "Augsburger Hütte, AT",
        "name": "Augsburger Hütte",
        "country": "AT",
        "geocode_status": "OK",
        "formatted_address": "Am Parseier, 6591 Grins, Österreich",
        "query_used": "Augsburger Hütte Austria",
        "reservation_url": "https://www.hut-reservation.org/reservation/book-hut/235/wizard",
        "website": "https://www.augsburgerhuette.at/"
      },
      "geometry": {
        "type": "Point",
        "coordinates": [
          10.49,
          47.16
        ]
      }
    },
    {
      "type": "Feature",
      "properties": {
        "hut_id": "austria-hutte-at",
        "hut": "Austria-Hütte, AT",
        "name": "Austria-Hütte",
        "country": "AT",
        "geocode_status": "OK",
        "formatted_address": "Schildlehen 48, 8972, Österreich",
        "query_used": "Austria-Hütte Austria",
        "reservation_url": "https://www.hut-reservation.org/reservation/book-hut/262/wizard",
        "website": "https://www.alpenverein.at/austriahuette"
      },
      "geometry": {
        "type": "Point",
        "coordinates": [
          13.6001,
          47.4243
        ]
      }
    },
    {
      "type": "Feature",
      "properties": {
        "hut_id": "bad-kissinger-hutte-at",
        "hut": "Bad Kissinger Hütte, AT",
        "name": "Bad Kissinger Hütte",
        "country": "AT",
        "geocode_status": "OK",
        "formatted_address": "Gemeinde 71, 6682 Vils, Österreich",
        "query_used": "Bad Kissinger Hütte Austria",
        "reservation_url": "https://www.hut-reservation.org/reservation/book-hut/174/wizard",
        "website": "http://badkissingerhuette.at/"
      },
      "geometry": {
        "type": "Point",
        "coordinates": [
          10.562778,
          47.534444
        ]
      }
    },
    {
      "type": "Feature",
      "properties": {
        "hut_id": "badener-hutte-at",
        "hut": "Badener Hütte, AT",
        "name": "Badener Hütte",
        "country": "AT",
        "geocode_status": "OK",
        "formatted_address": "Venedigergruppe, 9971 Matrei in Osttirol, Österreich",
        "query_used": "Badener Hütte Austria",
        "reservation_url": "https://www.hut-reservation.org/reservation/book-hut/401/wizard",
        "website": "https://www.alpenverein.at/badenerhuette/"
      },
      "geometry": {
        "type": "Point",
        "coordinates": [
          12.42568,
          47.08119
        ]
      }
    },
    {
      "type": "Feature",
      "properties": {
        "hut_id": "barmer-hutte-at",
        "hut": "Barmer Hütte, AT",
        "name": "Barmer Hütte",
        "country": "AT",
        "geocode_status": "OK",
        "formatted_address": "Unterrotte 70, 9963 Unterrotte, Österreich",
        "query_used": "Barmer Hütte Austria",
        "reservation_url": "https://www.hut-reservation.org/reservation/book-hut/188/wizard",
        "website": "https://www.dav-wuppertal.de/huetten-kletteranlagen/barmer-huette"
      },
      "geometry": {
        "type": "Point",
        "coordinates": [
          12.16904,
          46.91722
        ]
      }
    },
    {
      "type": "Feature",
      "properties": {
        "hut_id": "bayreuther-hutte-at",
        "hut": "Bayreuther Hütte, AT",
        "name": "Bayreuther Hütte",
        "country": "AT",
        "geocode_status": "OK",
        "formatted_address": "Alpen 157, 6232 Münster, Österreich",
        "query_used": "Bayreuther Hütte Austria",
        "reservation_url": "https://www.hut-reservation.org/reservation/book-hut/201/wizard",
        "website": "https://www.bayreuther-huette.de/"
      },
      "geometry": {
        "type": "Point",
        "coordinates": [
          11.820833,
          47.444722
        ]
      }
    },
    {
      "type": "Feature",
      "properties": {
        "hut_id": "berg-und-skiheim-brixen-im-thale-at",
        "hut": "Berg- und Skiheim Brixen im Thale, AT",
        "name": "Berg- und Skiheim Brixen im Thale",
        "country": "AT",
        "geocode_status": "OK",
        "formatted_address": "6364 Brixen im Thale, Österreich",
        "query_used": "Berg- und Skiheim Brixen im Thale Austria",
        "reservation_url": "https://www.hut-reservation.org/reservation/book-hut/475/wizard",
        "website": "https://www.alpenverein-regensburg.de/huetten/huetten-der-sektion/berg-und-skiheim-brixen-im-thale"
      },
      "geometry": {
        "type": "Point",
        "coordinates": [
          12.260491,
          47.454383
        ]
      }
    },
    {
      "type": "Feature",
      "properties": {
        "hut_id": "berg-und-skiheim-brixen-im-thale-ferienwohnung-at",
        "hut": "Berg- und Skiheim Brixen im Thale - Ferienwohnung, AT",
        "name": "Berg- und Skiheim Brixen im Thale - Ferienwohnung",
        "country": "AT",
        "geocode_status": "OK",
        "formatted_address": "6364 Brixen im Thale, Österreich",
        "query_used": "Berg- und Skiheim Brixen im Thale - Ferienwohnung Austria",
        "reservation_url": "https://www.hut-reservation.org/reservation/book-hut/538/wizard",
        "website": "https://www.alpenverein-regensburg.de/huetten/huetten-der-sektion/berg-und-skiheim-ferienwohnung"
      },
      "geometry": {
        "type": "Point",
        "coordinates": [
          12.260491,
          47.454383
        ]
      }
    },
    {
      "type": "Feature",
      "properties": {
        "hut_id": "berghaus-kleinwalsertal-at",
        "hut": "Berghaus Kleinwalsertal, AT",
        "name": "Berghaus Kleinwalsertal",
        "country": "AT",
        "geocode_status": "OK",
        "formatted_address": "Wäldelestraße 51, 6992 Hirschegg, Österreich",
        "query_used": "Berghaus Kleinwalsertal Austria",
        "reservation_url": "https://www.hut-reservation.org/reservation/book-hut/438/wizard",
        "website": "https://www.dav-memmingen.de/index.php?id=559"
      },
      "geometry": {
        "type": "Point",
        "coordinates": [
          10.14565,
          47.34875
        ]
      }
    },
    {
      "type": "Feature",
      "properties": {
        "hut_id": "bergheim-au-at",
        "hut": "Bergheim Au, AT",
        "name": "Bergheim Au",
        "country": "AT",
        "geocode_status": "OK",
        "formatted_address": "5101 Bergheim bei Salzburg, Österreich",
        "query_used": "Bergheim Au Austria",
        "reservation_url": "https://www.hut-reservation.org/reservation/book-hut/99/wizard",
        "website": "https://www.dav-ueberlingen.de/huette-au/"
      },
      "geometry": {
        "type": "Point",
        "coordinates": [
          9.963,
          47.318
        ]
      }
    },
    {
      "type": "Feature",
      "properties": {
        "hut_id": "berliner-hutte-at",
        "hut": "Berliner Hütte, AT",
        "name": "Berliner Hütte",
        "country": "AT",
        "geocode_status": "OK",
        "formatted_address": "Zemmgrund 282, 6295 Mayrhofen, Österreich",
        "query_used": "Berliner Hütte Austria",
        "reservation_url": "https://www.hut-reservation.org/reservation/book-hut/105/wizard",
        "website": "https://www.berlinerhuette.at/"
      },
      "geometry": {
        "type": "Point",
        "coordinates": [
          11.812803,
          47.024515
        ]
      }
    },
    {
      "type": "Feature",
      "properties": {
        "hut_id": "berta-hutte-at",
        "hut": "Berta-Hütte, AT",
        "name": "Berta-Hütte",
        "country": "AT",
        "geocode_status": "OK",
        "formatted_address": "Kopein, 9581, Österreich",
        "query_used": "Berta-Hütte Austria",
        "reservation_url": "https://www.hut-reservation.org/reservation/book-hut/649/wizard",
        "website": "https://www.bertahuette-mittagskogel.at/"
      },
      "geometry": {
        "type": "Point",
        "coordinates": [
          13.960374,
          46.518164
        ]
      }
    },
    {
      "type": "Feature",
      "properties": {
        "hut_id": "bettelwurf-hutte-at",
        "hut": "Bettelwurf-Hütte, AT",
        "name": "Bettelwurf-Hütte",
        "country": "AT",
        "geocode_status": "OK",
        "formatted_address": "Halltal 30, 6067 Absam, Österreich",
        "query_used": "Bettelwurf-Hütte Austria",
        "reservation_url": "https://www.hut-reservation.org/reservation/book-hut/72/wizard",
        "website": "https://www.bettelwurfhuette.at/"
      },
      "geometry": {
        "type": "Point",
        "coordinates": [
          11.507,
          47.339
        ]
      }
    },
    {
      "type": "Feature",
      "properties": {
        "hut_id": "biberacher-hutte-at",
        "hut": "Biberacher Hütte, AT",
        "name": "Biberacher Hütte",
        "country": "AT",
        "geocode_status": "OK",
        "formatted_address": "Biberacher Hütte, 6731 Sonntag, Österreich",
        "query_used": "Biberacher Hütte Austria",
        "reservation_url": "https://www.hut-reservation.org/reservation/book-hut/222/wizard",
        "website": "https://dav-biberach.de/biberacher-huette"
      },
      "geometry": {
        "type": "Point",
        "coordinates": [
          10.02868,
          47.257716
        ]
      }
    },
    {
      "type": "Feature",
      "properties": {
        "hut_id": "bielefelder-hutte-at",
        "hut": "Bielefelder Hütte, AT",
        "name": "Bielefelder Hütte",
        "country": "AT",
        "geocode_status": "OK",
        "formatted_address": "Hochötz, 6433 Oetz, Österreich",
        "query_used": "Bielefelder Hütte Austria",
        "reservation_url": "https://www.hut-reservation.org/reservation/book-hut/572/wizard",
        "website": "https://www.bielefelder-huette.at/"
      },
      "geometry": {
        "type": "Point",
        "coordinates": [
          10.933056,
          47.207222
        ]
      }
    },
    {
      "type": "Feature",
      "properties": {
        "hut_id": "bonn-matreier-hutte-at",
        "hut": "Bonn-Matreier Hütte, AT",
        "name": "Bonn-Matreier Hütte",
        "country": "AT",
        "geocode_status": "OK",
        "formatted_address": "Venedigergruppe, 9972 Virgen, Österreich",
        "query_used": "Bonn-Matreier Hütte Austria",
        "reservation_url": "https://www.hut-reservation.org/reservation/book-hut/485/wizard",
        "website": "http://www.bonnmatreier-huette.at/"
      },
      "geometry": {
        "type": "Point",
        "coordinates": [
          12.42753,
          47.038877
        ]
      }
    },
    {
      "type": "Feature",
      "properties": {
        "hut_id": "bosruck-hutte-at",
        "hut": "Bosruck-Hütte, AT",
        "name": "Bosruck-Hütte",
        "country": "AT",
        "geocode_status": "OK",
        "formatted_address": "Grunau, 4582, Österreich",
        "query_used": "Bosruck-Hütte Austria",
        "reservation_url": "https://www.hut-reservation.org/reservation/book-hut/596/wizard",
        "website": "https://www.bosruckhuette.eu/"
      },
      "geometry": {
        "type": "Point",
        "coordinates": [
          14.366294,
          47.639379
        ]
      }
    },
    {
      "type": "Feature",
      "properties": {
        "hut_id": "brandenburger-haus-at",
        "hut": "Brandenburger Haus, AT",
        "name": "Brandenburger Haus",
        "country": "AT",
        "geocode_status": "OK",
        "formatted_address": "6458, Österreich",
        "query_used": "Brandenburger Haus Austria",
        "reservation_url": "https://www.hut-reservation.org/reservation/book-hut/181/wizard",
        "website": "https://www.brandenburgerhaus.at/"
      },
      "geometry": {
        "type": "Point",
        "coordinates": [
          10.77805,
          46.84445
        ]
      }
    },
    {
      "type": "Feature",
      "properties": {
        "hut_id": "braunschweiger-hutte-at",
        "hut": "Braunschweiger Hütte, AT",
        "name": "Braunschweiger Hütte",
        "country": "AT",
        "geocode_status": "OK",
        "formatted_address": "Mittelberg 30, 6481, Österreich",
        "query_used": "Braunschweiger Hütte Austria",
        "reservation_url": "https://www.hut-reservation.org/reservation/book-hut/366/wizard",
        "website": "https://www.braunschweiger-huette.at/"
      },
      "geometry": {
        "type": "Point",
        "coordinates": [
          10.91048,
          46.9354
        ]
      }
    },
    {
      "type": "Feature",
      "properties": {
        "hut_id": "bremer-hutte-at",
        "hut": "Bremer Hütte, AT",
        "name": "Bremer Hütte",
        "country": "AT",
        "geocode_status": "OK",
        "formatted_address": "Gschnitz 40, 6150 Gschnitz, Österreich",
        "query_used": "Bremer Hütte Austria",
        "reservation_url": "https://www.hut-reservation.org/reservation/book-hut/143/wizard",
        "website": "https://www.bremerhuette.at/"
      },
      "geometry": {
        "type": "Point",
        "coordinates": [
          11.263324,
          46.994893
        ]
      }
    },
    {
      "type": "Feature",
      "properties": {
        "hut_id": "brunnsteinhaus-at",
        "hut": "Brünnsteinhaus, AT",
        "name": "Brünnsteinhaus",
        "country": "AT",
        "geocode_status": "OK",
        "formatted_address": "Österreich",
        "query_used": "Brünnsteinhaus Austria",
        "reservation_url": "https://www.hut-reservation.org/reservation/book-hut/210/wizard",
        "website": "https://www.bruennsteinhaus.de/"
      },
      "geometry": {
        "type": "Point",
        "coordinates": [
          12.09845,
          47.6446
        ]
      }
    },
    {
      "type": "Feature",
      "properties": {
        "hut_id": "carl-von-stahl-haus-at",
        "hut": "Carl-von-Stahl-Haus, AT",
        "name": "Carl-von-Stahl-Haus",
        "country": "AT",
        "geocode_status": "OK",
        "formatted_address": "Torren 69, 5440 Golling an der Salzach, Österreich",
        "query_used": "Carl-von-Stahl-Haus Austria",
        "reservation_url": "https://www.hut-reservation.org/reservation/book-hut/293/wizard",
        "website": "http://www.stahlhaus.at/"
      },
      "geometry": {
        "type": "Point",
        "coordinates": [
          13.042617,
          47.57475
        ]
      }
    },
    {
      "type": "Feature",
      "properties": {
        "hut_id": "clarahutte-at",
        "hut": "Clarahütte, AT",
        "name": "Clarahütte",
        "country": "AT",
        "geocode_status": "OK",
        "formatted_address": "Clarahütte, 9974 Prägraten am Großvenediger, Österreich",
        "query_used": "Clarahütte Austria",
        "reservation_url": "https://www.hut-reservation.org/reservation/book-hut/132/wizard",
        "website": "https://www.virgental.at/unterkuenfte/unterkunft-suche/detail/unterkunft/clarahuette-2038-m/"
      },
      "geometry": {
        "type": "Point",
        "coordinates": [
          12.14,
          47.01
        ]
      }
    },
    {
      "type": "Feature",
      "properties": {
        "hut_id": "douglasshutte-at",
        "hut": "Douglasshütte, AT",
        "name": "Douglasshütte",
        "country": "AT",
        "geocode_status": "OK",
        "formatted_address": "Lünersee 210a, 6773 Vandans, Österreich",
        "query_used": "Douglasshütte Austria",
        "reservation_url": "https://www.hut-reservation.org/reservation/book-hut/393/wizard",
        "website": "https://www.douglasshuette.at/"
      },
      "geometry": {
        "type": "Point",
        "coordinates": [
          9.754765,
          47.059684
        ]
      }
    },
    {
      "type": "Feature",
      "properties": {
        "hut_id": "dresdner-hutte-at",
        "hut": "Dresdner Hütte, AT",
        "name": "Dresdner Hütte",
        "country": "AT",
        "geocode_status": "OK",
        "formatted_address": "Mutterberg 253, 6167 Neustift im Stubaital, Österreich",
        "query_used": "Dresdner Hütte Austria",
        "reservation_url": "https://www.hut-reservation.org/reservation/book-hut/692/wizard",
        "website": "https://www.dresdnerhuette.at/"
      },
      "geometry": {
        "type": "Point",
        "coordinates": [
          11.139388,
          46.999726
        ]
      }
    },
    {
      "type": "Feature",
      "properties": {
        "hut_id": "e-t-compton-hutte-at",
        "hut": "E.-T.-Compton-Hütte, AT",
        "name": "E.-T.-Compton-Hütte",
        "country": "AT",
        "geocode_status": "OK",
        "formatted_address": "Drautal Str., 9771 Berg im Drautal, Österreich",
        "query_used": "E.-T.-Compton-Hütte Austria",
        "reservation_url": "https://www.hut-reservation.org/reservation/book-hut/488/wizard",
        "website": "https://www.alpenverein.at/etcomptonhuette"
      },
      "geometry": {
        "type": "Point",
        "coordinates": [
          13.157,
          46.696
        ]
      }
    },
    {
      "type": "Feature",
      "properties": {
        "hut_id": "edelraute-hutte-at",
        "hut": "Edelraute-Hütte, AT",
        "name": "Edelraute-Hütte",
        "country": "AT",
        "geocode_status": "OK",
        "formatted_address": "8785, Österreich",
        "query_used": "Edelraute-Hütte Austria",
        "reservation_url": "https://www.hut-reservation.org/reservation/book-hut/493/wizard",
        "website": "https://www.xn--edelrautehtte-5ob.com/"
      },
      "geometry": {
        "type": "Point",
        "coordinates": [
          14.432754,
          47.439229
        ]
      }
    },
    {
      "type": "Feature",
      "properties": {
        "hut_id": "edelweiss-hutte-am-schneeberg-at",
        "hut": "Edelweiss-Hütte am Schneeberg, AT",
        "name": "Edelweiss-Hütte am Schneeberg",
        "country": "AT",
        "geocode_status": "OK",
        "formatted_address": "Losenheimer Str. 111, 2734 Puchberg am Schneeberg, Österreich",
        "query_used": "Edelweiss-Hütte am Schneeberg Austria",
        "reservation_url": "https://www.hut-reservation.org/reservation/book-hut/125/wizard",
        "website": "http://www.edelweisshuette.at/"
      },
      "geometry": {
        "type": "Point",
        "coordinates": [
          15.0,
          47.791762
        ]
      }
    },
    {
      "type": "Feature",
      "properties": {
        "hut_id": "elberfelder-hutte-at",
        "hut": "Elberfelder Hütte, AT",
        "name": "Elberfelder Hütte",
        "country": "AT",
        "geocode_status": "OK",
        "formatted_address": "9844 Winkl, Österreich",
        "query_used": "Elberfelder Hütte Austria",
        "reservation_url": "https://www.hut-reservation.org/reservation/book-hut/650/wizard",
        "website": "https://www.dav-wuppertal.de/huetten-kletteranlagen/elberfelder-huette"
      },
      "geometry": {
        "type": "Point",
        "coordinates": [
          12.76045,
          46.97814
        ]
      }
    },
    {
      "type": "Feature",
      "properties": {
        "hut_id": "ennstaler-hutte-at",
        "hut": "Ennstaler-Hütte, AT",
        "name": "Ennstaler-Hütte",
        "country": "AT",
        "geocode_status": "OK",
        "formatted_address": "Gstatterboden 28, 8913 Admont, Österreich",
        "query_used": "Ennstaler-Hütte Austria",
        "reservation_url": "https://www.hut-reservation.org/reservation/book-hut/355/wizard",
        "website": "https://hut-reservation.notion.site/Support-130c866368c381929387de2833b04288"
      },
      "geometry": {
        "type": "Point",
        "coordinates": [
          14.676403,
          47.619119
        ]
      }
    },
    {
      "type": "Feature",
      "properties": {
        "hut_id": "erfurter-hutte-at",
        "hut": "Erfurter Hütte, AT",
        "name": "Erfurter Hütte",
        "country": "AT",
        "geocode_status": "OK",
        "formatted_address": "Rofan 3, 6212 Maurach, Österreich",
        "query_used": "Erfurter Hütte Austria",
        "reservation_url": "https://www.hut-reservation.org/reservation/book-hut/323/wizard",
        "website": "https://www.erfurterhuette.at/"
      },
      "geometry": {
        "type": "Point",
        "coordinates": [
          11.763056,
          47.441667
        ]
      }
    },
    {
      "type": "Feature",
      "properties": {
        "hut_id": "erlanger-hutte-at",
        "hut": "Erlanger Hütte, AT",
        "name": "Erlanger Hütte",
        "country": "AT",
        "geocode_status": "OK",
        "formatted_address": "6441 Umhausen, Österreich",
        "query_used": "Erlanger Hütte Austria",
        "reservation_url": "https://www.hut-reservation.org/reservation/book-hut/721/wizard",
        "website": "https://www.alpenverein-erlangen.de/huetten/erlanger-huette/"
      },
      "geometry": {
        "type": "Point",
        "coordinates": [
          10.84722,
          47.14472
        ]
      }
    },
    {
      "type": "Feature",
      "properties": {
        "hut_id": "essener-und-rostocker-hutte-at",
        "hut": "Essener und Rostocker Hütte, AT",
        "name": "Essener und Rostocker Hütte",
        "country": "AT",
        "geocode_status": "OK",
        "formatted_address": "Maurertal 1, 9974 Prägraten am Großvenediger, Österreich",
        "query_used": "Essener und Rostocker Hütte Austria",
        "reservation_url": "https://www.hut-reservation.org/reservation/book-hut/133/wizard",
        "website": "https://www.essener-rostocker-huette.de/"
      },
      "geometry": {
        "type": "Point",
        "coordinates": [
          12.297778,
          47.055
        ]
      }
    },
    {
      "type": "Feature",
      "properties": {
        "hut_id": "falkenhutte-at",
        "hut": "Falkenhütte, AT",
        "name": "Falkenhütte",
        "country": "AT",
        "geocode_status": "OK",
        "formatted_address": "Hinterriß, 6215 Hinterriß, Österreich",
        "query_used": "Falkenhütte Austria",
        "reservation_url": "https://www.hut-reservation.org/reservation/book-hut/354/wizard",
        "website": "https://www.alpenverein-muenchen-oberland.de/huetten/alpenvereinshuetten/falkenhuette"
      },
      "geometry": {
        "type": "Point",
        "coordinates": [
          11.498835,
          47.400031
        ]
      }
    },
    {
      "type": "Feature",
      "properties": {
        "hut_id": "feichtau-hutte-at",
        "hut": "Feichtau-Hütte, AT",
        "name": "Feichtau-Hütte",
        "country": "AT",
        "geocode_status": "OK",
        "formatted_address": "Feichtaualm, 4591 Molln, Österreich",
        "query_used": "Feichtau-Hütte Austria",
        "reservation_url": "https://www.hut-reservation.org/reservation/book-hut/383/wizard",
        "website": "https://www.alpenverein.at/feichtauhuette/"
      },
      "geometry": {
        "type": "Point",
        "coordinates": [
          14.31745,
          47.801406
        ]
      }
    },
    {
      "type": "Feature",
      "properties": {
        "hut_id": "filmoor-standschutzen-hutte-at",
        "hut": "Filmoor-Standschützen-Hütte, AT",
        "name": "Filmoor-Standschützen-Hütte",
        "country": "AT",
        "geocode_status": "OK",
        "formatted_address": "Kartitsch, 9941 Kartitsch, Österreich",
        "query_used": "Filmoor-Standschützen-Hütte Austria",
        "reservation_url": "https://www.hut-reservation.org/reservation/book-hut/489/wizard",
        "website": "http://www.filmoorhuette.at/"
      },
      "geometry": {
        "type": "Point",
        "coordinates": [
          12.5362,
          46.6712
        ]
      }
    },
    {
      "type": "Feature",
      "properties": {
        "hut_id": "fraganter-schutzhaus-at",
        "hut": "Fraganter Schutzhaus, AT",
        "name": "Fraganter Schutzhaus",
        "country": "AT",
        "geocode_status": "OK",
        "formatted_address": "Großfragant 32, 9831 Flattach, Österreich",
        "query_used": "Fraganter Schutzhaus Austria",
        "reservation_url": "https://www.hut-reservation.org/reservation/book-hut/316/wizard",
        "website": "https://www.fraganterschutzhaus.at/"
      },
      "geometry": {
        "type": "Point",
        "coordinates": [
          13.027661,
          46.950921
        ]
      }
    },
    {
      "type": "Feature",
      "properties": {
        "hut_id": "franz-fischer-hutte-at",
        "hut": "Franz-Fischer-Hütte, AT",
        "name": "Franz-Fischer-Hütte",
        "country": "AT",
        "geocode_status": "OK",
        "formatted_address": "Wald 64, 5584 Zederhaus, Österreich",
        "query_used": "Franz-Fischer-Hütte Austria",
        "reservation_url": "https://www.hut-reservation.org/reservation/book-hut/317/wizard",
        "website": "https://www.franzfischer-huette.at/"
      },
      "geometry": {
        "type": "Point",
        "coordinates": [
          13.36455,
          47.200214
        ]
      }
    },
    {
      "type": "Feature",
      "properties": {
        "hut_id": "franz-senn-hutte-at",
        "hut": "Franz-Senn-Hütte, AT",
        "name": "Franz-Senn-Hütte",
        "country": "AT",
        "geocode_status": "OK",
        "formatted_address": "Oberberg, 6167 Neustift im Stubaital, Österreich",
        "query_used": "Franz-Senn-Hütte Austria",
        "reservation_url": "https://www.hut-reservation.org/reservation/book-hut/675/wizard",
        "website": "https://www.franzsennhuette.at/"
      },
      "geometry": {
        "type": "Point",
        "coordinates": [
          11.168758,
          47.085192
        ]
      }
    },
    {
      "type": "Feature",
      "properties": {
        "hut_id": "frassen-hutte-at",
        "hut": "Frassen-Hütte, AT",
        "name": "Frassen-Hütte",
        "country": "AT",
        "geocode_status": "OK",
        "formatted_address": "Alpenverein Vorarlberg - Frassenhütte, 6714 Nüziders, Österreich",
        "query_used": "Frassen-Hütte Austria",
        "reservation_url": "https://www.hut-reservation.org/reservation/book-hut/86/wizard",
        "website": "http://www.alpenverein.at/frassenhuette/"
      },
      "geometry": {
        "type": "Point",
        "coordinates": [
          9.828919,
          47.185596
        ]
      }
    },
    {
      "type": "Feature",
      "properties": {
        "hut_id": "frederic-simms-hutte-at",
        "hut": "Frederic-Simms-Hütte, AT",
        "name": "Frederic-Simms-Hütte",
        "country": "AT",
        "geocode_status": "OK",
        "formatted_address": "Frederick-Simmshütte 1, 6653 Bach / Stockach, Österreich",
        "query_used": "Frederic-Simms-Hütte Austria",
        "reservation_url": "https://www.hut-reservation.org/reservation/book-hut/686/wizard",
        "website": "https://www.dav-simmshuette.at/willkommen.html"
      },
      "geometry": {
        "type": "Point",
        "coordinates": [
          10.355494,
          47.210307
        ]
      }
    },
    {
      "type": "Feature",
      "properties": {
        "hut_id": "freiburgerhutte-at",
        "hut": "Freiburgerhütte, AT",
        "name": "Freiburgerhütte",
        "country": "AT",
        "geocode_status": "OK",
        "formatted_address": "Freiburger Hütte, Dalaas 239, 6752 Dalaas, Österreich",
        "query_used": "Freiburgerhütte Austria",
        "reservation_url": "https://www.hut-reservation.org/reservation/book-hut/97/wizard",
        "website": "http://www.freiburger-huette.at/"
      },
      "geometry": {
        "type": "Point",
        "coordinates": [
          9.99041,
          47.162723
        ]
      }
    },
    {
      "type": "Feature",
      "properties": {
        "hut_id": "freschen-haus-at",
        "hut": "Freschen-Haus, AT",
        "name": "Freschen-Haus",
        "country": "AT",
        "geocode_status": "OK",
        "formatted_address": "Hnr. 168, Freschenhaus, 6830 Laterns, Österreich",
        "query_used": "Freschen-Haus Austria",
        "reservation_url": "https://www.hut-reservation.org/reservation/book-hut/90/wizard",
        "website": "https://www.freschenhaus.at/"
      },
      "geometry": {
        "type": "Point",
        "coordinates": [
          9.77553,
          47.298512
        ]
      }
    },
    {
      "type": "Feature",
      "properties": {
        "hut_id": "friedrichshafener-hutte-at",
        "hut": "Friedrichshafener Hütte, AT",
        "name": "Friedrichshafener Hütte",
        "country": "AT",
        "geocode_status": "OK",
        "formatted_address": "6563 Ischgl, Österreich",
        "query_used": "Friedrichshafener Hütte Austria",
        "reservation_url": "https://www.hut-reservation.org/reservation/book-hut/217/wizard",
        "website": "https://www.dav-fn.de/huetten/Friedrichshafener-Huette"
      },
      "geometry": {
        "type": "Point",
        "coordinates": [
          10.215833,
          46.994722
        ]
      }
    },
    {
      "type": "Feature",
      "properties": {
        "hut_id": "friesenberghaus-at",
        "hut": "Friesenberghaus, AT",
        "name": "Friesenberghaus",
        "country": "AT",
        "geocode_status": "OK",
        "formatted_address": "Dornauberg 101, 6295, Österreich",
        "query_used": "Friesenberghaus Austria",
        "reservation_url": "https://www.hut-reservation.org/reservation/book-hut/170/wizard",
        "website": "https://www.friesenberghaus.at/"
      },
      "geometry": {
        "type": "Point",
        "coordinates": [
          11.702097,
          47.067386
        ]
      }
    },
    {
      "type": "Feature",
      "properties": {
        "hut_id": "fritz-pflaum-hutte-at",
        "hut": "Fritz-Pflaum-Hütte, AT",
        "name": "Fritz-Pflaum-Hütte",
        "country": "AT",
        "geocode_status": "OK",
        "formatted_address": "6382 Kirchdorf in Tirol, Österreich",
        "query_used": "Fritz-Pflaum-Hütte Austria",
        "reservation_url": "https://www.hut-reservation.org/reservation/book-hut/528/wizard",
        "website": "http://www.fritzpflaumhuette.de/"
      },
      "geometry": {
        "type": "Point",
        "coordinates": [
          12.337136,
          47.564187
        ]
      }
    },
    {
      "type": "Feature",
      "properties": {
        "hut_id": "furtschaglhaus-at",
        "hut": "Furtschaglhaus, AT",
        "name": "Furtschaglhaus",
        "country": "AT",
        "geocode_status": "OK",
        "formatted_address": "Dornauberg 115, 6295 Dornauberg, Österreich",
        "query_used": "Furtschaglhaus Austria",
        "reservation_url": "https://www.hut-reservation.org/reservation/book-hut/180/wizard",
        "website": "http://www.furtschaglhaus.com/"
      },
      "geometry": {
        "type": "Point",
        "coordinates": [
          11.7478,
          47.0039
        ]
      }
    },
    {
      "type": "Feature",
      "properties": {
        "hut_id": "gablonzer-hutte-at",
        "hut": "Gablonzer Hütte, AT",
        "name": "Gablonzer Hütte",
        "country": "AT",
        "geocode_status": "OK",
        "formatted_address": "Gosauseestraße 445, 4825 Gosau, Österreich",
        "query_used": "Gablonzer Hütte Austria",
        "reservation_url": "https://www.hut-reservation.org/reservation/book-hut/108/wizard",
        "website": "https://www.gablonzerhuette.at/"
      },
      "geometry": {
        "type": "Point",
        "coordinates": [
          13.4798,
          47.53327
        ]
      }
    },
    {
      "type": "Feature",
      "properties": {
        "hut_id": "gamshutte-at",
        "hut": "Gamshütte, AT",
        "name": "Gamshütte",
        "country": "AT",
        "geocode_status": "OK",
        "formatted_address": "Brunnhaus 417, 6292 Finkenberg, Österreich",
        "query_used": "Gamshütte Austria",
        "reservation_url": "https://www.hut-reservation.org/reservation/book-hut/169/wizard",
        "website": "https://www.gamshuette.at/"
      },
      "geometry": {
        "type": "Point",
        "coordinates": [
          11.807152,
          47.130481
        ]
      }
    },
    {
      "type": "Feature",
      "properties": {
        "hut_id": "gamskarkogel-hutte-at",
        "hut": "Gamskarkogel-Hütte, AT",
        "name": "Gamskarkogel-Hütte",
        "country": "AT",
        "geocode_status": "OK",
        "formatted_address": "Gamskarkogelweg 1, 5630 Bad Hofgastein, Österreich",
        "query_used": "Gamskarkogel-Hütte Austria",
        "reservation_url": "https://www.hut-reservation.org/reservation/book-hut/555/wizard",
        "website": "http://www.gamskarkogelhuette.at/"
      },
      "geometry": {
        "type": "Point",
        "coordinates": [
          13.158782,
          47.161786
        ]
      }
    },
    {
      "type": "Feature",
      "properties": {
        "hut_id": "gaudeamushutte-at",
        "hut": "Gaudeamushütte, AT",
        "name": "Gaudeamushütte",
        "country": "AT",
        "geocode_status": "OK",
        "formatted_address": "Am Kaiser 190, 6353 Going am Wilden Kaiser, Österreich",
        "query_used": "Gaudeamushütte Austria",
        "reservation_url": "https://www.hut-reservation.org/reservation/book-hut/100/wizard",
        "website": "https://www.dav-main-spessart.de/"
      },
      "geometry": {
        "type": "Point",
        "coordinates": [
          12.324722,
          47.549167
        ]
      }
    },
    {
      "type": "Feature",
      "properties": {
        "hut_id": "gauenhutte-at",
        "hut": "Gauenhütte, AT",
        "name": "Gauenhütte",
        "country": "AT",
        "geocode_status": "OK",
        "formatted_address": "Österreich",
        "query_used": "Gauenhütte Austria",
        "reservation_url": "https://www.hut-reservation.org/reservation/book-hut/571/wizard",
        "website": "https://www.dav-konstanz.de/huetten/gauenhuette"
      },
      "geometry": {
        "type": "Point",
        "coordinates": [
          9.864445,
          47.059304
        ]
      }
    },
    {
      "type": "Feature",
      "properties": {
        "hut_id": "gepatschhaus-at",
        "hut": "Gepatschhaus, AT",
        "name": "Gepatschhaus",
        "country": "AT",
        "geocode_status": "OK",
        "formatted_address": "Kaunertaler Gletscherstraße, 6524 Kaunertal, Österreich",
        "query_used": "Gepatschhaus Austria",
        "reservation_url": "https://www.hut-reservation.org/reservation/book-hut/173/wizard",
        "website": "https://www.gepatschhaus.at/"
      },
      "geometry": {
        "type": "Point",
        "coordinates": [
          10.7375,
          46.901389
        ]
      }
    },
    {
      "type": "Feature",
      "properties": {
        "hut_id": "geraerhutte-at",
        "hut": "Geraerhütte, AT",
        "name": "Geraerhütte",
        "country": "AT",
        "geocode_status": "OK",
        "formatted_address": "Vals 24b, 6154 St. Jodok am Brenner, Österreich",
        "query_used": "Geraerhütte Austria",
        "reservation_url": "https://www.hut-reservation.org/reservation/book-hut/110/wizard",
        "website": "http://www.geraerhuette.at/"
      },
      "geometry": {
        "type": "Point",
        "coordinates": [
          11.3741,
          47.0236
        ]
      }
    },
    {
      "type": "Feature",
      "properties": {
        "hut_id": "giessener-hutte-at",
        "hut": "Giessener Hütte, AT",
        "name": "Giessener Hütte",
        "country": "AT",
        "geocode_status": "OK",
        "formatted_address": "Goss 1, 9854 Göß, Österreich",
        "query_used": "Giessener Hütte Austria",
        "reservation_url": "https://www.hut-reservation.org/reservation/book-hut/563/wizard",
        "website": "https://giessener-huette.at/"
      },
      "geometry": {
        "type": "Point",
        "coordinates": [
          13.19733,
          46.59733
        ]
      }
    },
    {
      "type": "Feature",
      "properties": {
        "hut_id": "gleiwitzer-hutte-at",
        "hut": "Gleiwitzer Hütte, AT",
        "name": "Gleiwitzer Hütte",
        "country": "AT",
        "geocode_status": "OK",
        "formatted_address": "5672 Fusch an der Großglocknerstraße, Österreich",
        "query_used": "Gleiwitzer Hütte Austria",
        "reservation_url": "https://www.hut-reservation.org/reservation/book-hut/223/wizard",
        "website": "https://www.gleiwitzerhuette.at/"
      },
      "geometry": {
        "type": "Point",
        "coordinates": [
          12.769,
          47.21827
        ]
      }
    },
    {
      "type": "Feature",
      "properties": {
        "hut_id": "glorer-hutte-at",
        "hut": "Glorer Hütte, AT",
        "name": "Glorer Hütte",
        "country": "AT",
        "geocode_status": "OK",
        "formatted_address": "Glor-Berg 19, 9981, Österreich",
        "query_used": "Glorer Hütte Austria",
        "reservation_url": "https://www.hut-reservation.org/reservation/book-hut/342/wizard",
        "website": "https://www.glorer-huette.at/"
      },
      "geometry": {
        "type": "Point",
        "coordinates": [
          12.715556,
          47.030833
        ]
      }
    },
    {
      "type": "Feature",
      "properties": {
        "hut_id": "glungezer-hutte-at",
        "hut": "Glungezer-Hütte, AT",
        "name": "Glungezer-Hütte",
        "country": "AT",
        "geocode_status": "OK",
        "formatted_address": "Glungezer 1, 6075 Tulfes, Österreich",
        "query_used": "Glungezer-Hütte Austria",
        "reservation_url": "https://www.hut-reservation.org/reservation/book-hut/62/wizard",
        "website": "https://www.glungezer-huette.at/"
      },
      "geometry": {
        "type": "Point",
        "coordinates": [
          11.52,
          47.2
        ]
      }
    },
    {
      "type": "Feature",
      "properties": {
        "hut_id": "gmundner-hutte-at",
        "hut": "Gmundner Hütte, AT",
        "name": "Gmundner Hütte",
        "country": "AT",
        "geocode_status": "OK",
        "formatted_address": "Traunstein 58, 4810 Gmunden, Österreich",
        "query_used": "Gmundner Hütte Austria",
        "reservation_url": "https://www.hut-reservation.org/reservation/book-hut/718/wizard",
        "website": "https://www.gmundnerhuette.at/"
      },
      "geometry": {
        "type": "Point",
        "coordinates": [
          13.833801,
          47.872943
        ]
      }
    },
    {
      "type": "Feature",
      "properties": {
        "hut_id": "goiserer-hutte-at",
        "hut": "Goiserer Hütte, AT",
        "name": "Goiserer Hütte",
        "country": "AT",
        "geocode_status": "OK",
        "formatted_address": "Ramsau 51, 4822 Bad Goisern am Hallstättersee, Österreich",
        "query_used": "Goiserer Hütte Austria",
        "reservation_url": "https://www.hut-reservation.org/reservation/book-hut/106/wizard",
        "website": "http://www.goisererhuette.at/"
      },
      "geometry": {
        "type": "Point",
        "coordinates": [
          13.33,
          47.37
        ]
      }
    },
    {
      "type": "Feature",
      "properties": {
        "hut_id": "gollinghutte-at",
        "hut": "Gollinghütte, AT",
        "name": "Gollinghütte",
        "country": "AT",
        "geocode_status": "OK",
        "formatted_address": "Untertalstraße 54, 8971 Schladming, Österreich",
        "query_used": "Gollinghütte Austria",
        "reservation_url": "https://www.hut-reservation.org/reservation/book-hut/410/wizard",
        "website": "https://www.gollinghuette.com/"
      },
      "geometry": {
        "type": "Point",
        "coordinates": [
          13.7693,
          47.2866
        ]
      }
    },
    {
      "type": "Feature",
      "properties": {
        "hut_id": "greizer-hutte-at",
        "hut": "Greizer Hütte, AT",
        "name": "Greizer Hütte",
        "country": "AT",
        "geocode_status": "OK",
        "formatted_address": "Dornaustraße 616, 6290 Mayrhofen, Österreich",
        "query_used": "Greizer Hütte Austria",
        "reservation_url": "https://www.hut-reservation.org/reservation/book-hut/122/wizard",
        "website": "https://www.greizerhuette.at/"
      },
      "geometry": {
        "type": "Point",
        "coordinates": [
          11.8853,
          47.0433
        ]
      }
    },
    {
      "type": "Feature",
      "properties": {
        "hut_id": "gruttenhutte-at",
        "hut": "Gruttenhütte, AT",
        "name": "Gruttenhütte",
        "country": "AT",
        "geocode_status": "OK",
        "formatted_address": "Kaisern 12, 6352 Ellmau, Österreich",
        "query_used": "Gruttenhütte Austria",
        "reservation_url": "https://www.hut-reservation.org/reservation/book-hut/154/wizard",
        "website": "http://www.gruttenhuette.at/"
      },
      "geometry": {
        "type": "Point",
        "coordinates": [
          12.31104,
          47.55363
        ]
      }
    },
    {
      "type": "Feature",
      "properties": {
        "hut_id": "gufferthutte-at",
        "hut": "Gufferthütte, AT",
        "name": "Gufferthütte",
        "country": "AT",
        "geocode_status": "OK",
        "formatted_address": "Aschau 83, 6234 Aschau, Österreich",
        "query_used": "Gufferthütte Austria",
        "reservation_url": "https://www.hut-reservation.org/reservation/book-hut/148/wizard",
        "website": "https://www.gufferthuette.at/"
      },
      "geometry": {
        "type": "Point",
        "coordinates": [
          11.79,
          47.58
        ]
      }
    },
    {
      "type": "Feature",
      "properties": {
        "hut_id": "guttenberg-haus-at",
        "hut": "Guttenberg-Haus, AT",
        "name": "Guttenberg-Haus",
        "country": "AT",
        "geocode_status": "OK",
        "formatted_address": "Ramsau 107, 8972 Ramsau am Dachstein, Österreich",
        "query_used": "Guttenberg-Haus Austria",
        "reservation_url": "https://www.hut-reservation.org/reservation/book-hut/260/wizard",
        "website": "https://www.alpenverein.at/guttenberghaus/index.php"
      },
      "geometry": {
        "type": "Point",
        "coordinates": [
          13.683718,
          47.450945
        ]
      }
    },
    {
      "type": "Feature",
      "properties": {
        "hut_id": "goppinger-hutte-at",
        "hut": "Göppinger Hütte, AT",
        "name": "Göppinger Hütte",
        "country": "AT",
        "geocode_status": "OK",
        "formatted_address": "Am Gamsboden 1, 6764 Lech, Österreich",
        "query_used": "Göppinger Hütte Austria",
        "reservation_url": "https://www.hut-reservation.org/reservation/book-hut/183/wizard",
        "website": "http://www.goeppinger-huette.at/"
      },
      "geometry": {
        "type": "Point",
        "coordinates": [
          10.045557,
          47.214813
        ]
      }
    },
    {
      "type": "Feature",
      "properties": {
        "hut_id": "habsburg-haus-at",
        "hut": "Habsburg-Haus, AT",
        "name": "Habsburg-Haus",
        "country": "AT",
        "geocode_status": "OK",
        "formatted_address": "Graben 97, 2661 Graben, Österreich",
        "query_used": "Habsburg-Haus Austria",
        "reservation_url": "https://www.hut-reservation.org/reservation/book-hut/424/wizard",
        "website": "https://das-habsburghaus.at/"
      },
      "geometry": {
        "type": "Point",
        "coordinates": [
          15.41917,
          47.42795
        ]
      }
    },
    {
      "type": "Feature",
      "properties": {
        "hut_id": "hagener-hutte-at",
        "hut": "Hagener Hütte, AT",
        "name": "Hagener Hütte",
        "country": "AT",
        "geocode_status": "OK",
        "formatted_address": "Mallnitz 38, 5645 Mallnitz, Österreich",
        "query_used": "Hagener Hütte Austria",
        "reservation_url": "https://www.hut-reservation.org/reservation/book-hut/716/wizard",
        "website": "https://dav-hagen.de/unsere-huetten/hagener-huette/"
      },
      "geometry": {
        "type": "Point",
        "coordinates": [
          13.09,
          47.02
        ]
      }
    },
    {
      "type": "Feature",
      "properties": {
        "hut_id": "haindlkar-hutte-at",
        "hut": "Haindlkar-Hütte, AT",
        "name": "Haindlkar-Hütte",
        "country": "AT",
        "geocode_status": "OK",
        "formatted_address": "Johnsbach, 8912 Johnsbach, Österreich",
        "query_used": "Haindlkar-Hütte Austria",
        "reservation_url": "https://www.hut-reservation.org/reservation/book-hut/492/wizard",
        "website": "https://www.alpenverein.at/haindlkarhuette"
      },
      "geometry": {
        "type": "Point",
        "coordinates": [
          14.611917,
          47.56715
        ]
      }
    },
    {
      "type": "Feature",
      "properties": {
        "hut_id": "haldenseehaus-at",
        "hut": "Haldenseehaus, AT",
        "name": "Haldenseehaus",
        "country": "AT",
        "geocode_status": "OK",
        "formatted_address": "6672, Österreich",
        "query_used": "Haldenseehaus Austria",
        "reservation_url": "https://www.hut-reservation.org/reservation/book-hut/616/wizard",
        "website": "https://www.dav-gp.de/huetten/haldenseehaus"
      },
      "geometry": {
        "type": "Point",
        "coordinates": [
          10.598373,
          47.487397
        ]
      }
    },
    {
      "type": "Feature",
      "properties": {
        "hut_id": "hallerangerhaus-at",
        "hut": "Hallerangerhaus, AT",
        "name": "Hallerangerhaus",
        "country": "AT",
        "geocode_status": "OK",
        "formatted_address": "Karwendel 3, 6067 Absam, Österreich",
        "query_used": "Hallerangerhaus Austria",
        "reservation_url": "https://www.hut-reservation.org/reservation/book-hut/82/wizard",
        "website": "https://www.hallerangerhaus.at/"
      },
      "geometry": {
        "type": "Point",
        "coordinates": [
          11.477222,
          47.354722
        ]
      }
    },
    {
      "type": "Feature",
      "properties": {
        "hut_id": "hannoverhaus-at",
        "hut": "Hannoverhaus, AT",
        "name": "Hannoverhaus",
        "country": "AT",
        "geocode_status": "OK",
        "formatted_address": "Stappitz 27, 9822 Mallnitz, Österreich",
        "query_used": "Hannoverhaus Austria",
        "reservation_url": "https://www.hut-reservation.org/reservation/book-hut/121/wizard",
        "website": "https://www.alpenverein.de/hannoverhaus"
      },
      "geometry": {
        "type": "Point",
        "coordinates": [
          13.215527,
          47.040684
        ]
      }
    },
    {
      "type": "Feature",
      "properties": {
        "hut_id": "hans-wodlhutte-at",
        "hut": "Hans Wödlhütte, AT",
        "name": "Hans Wödlhütte",
        "country": "AT",
        "geocode_status": "OK",
        "formatted_address": "Seewigtal 23, 8966 Petersberg, Österreich",
        "query_used": "Hans Wödlhütte Austria",
        "reservation_url": "https://www.hut-reservation.org/reservation/book-hut/504/wizard",
        "website": "http://www.preintaler.at/"
      },
      "geometry": {
        "type": "Point",
        "coordinates": [
          13.81,
          47.36
        ]
      }
    },
    {
      "type": "Feature",
      "properties": {
        "hut_id": "haus-unken-at",
        "hut": "Haus Unken, AT",
        "name": "Haus Unken",
        "country": "AT",
        "geocode_status": "OK",
        "formatted_address": "5091 Unken, Österreich",
        "query_used": "Haus Unken Austria",
        "reservation_url": "https://www.hut-reservation.org/reservation/book-hut/610/wizard",
        "website": "https://www.alpenverein-gangkofen.de/huetten/Haus%20Unken/"
      },
      "geometry": {
        "type": "Point",
        "coordinates": [
          12.744579,
          47.661749
        ]
      }
    },
    {
      "type": "Feature",
      "properties": {
        "hut_id": "haus-waldele-at",
        "hut": "Haus Wäldele, AT",
        "name": "Haus Wäldele",
        "country": "AT",
        "geocode_status": "OK",
        "formatted_address": "Wäldelestraße 56, 6992 Hirschegg, Österreich",
        "query_used": "Haus Wäldele Austria",
        "reservation_url": "https://www.hut-reservation.org/reservation/book-hut/439/wizard",
        "website": "https://www.dav-memmingen.de/index.php?id=560"
      },
      "geometry": {
        "type": "Point",
        "coordinates": [
          10.14563,
          47.34859
        ]
      }
    },
    {
      "type": "Feature",
      "properties": {
        "hut_id": "heinrich-hueter-hutte-at",
        "hut": "Heinrich-Hueter-Hütte, AT",
        "name": "Heinrich-Hueter-Hütte",
        "country": "AT",
        "geocode_status": "OK",
        "formatted_address": "Alpe, Vilifau, 6773 Vandans, Österreich",
        "query_used": "Heinrich-Hueter-Hütte Austria",
        "reservation_url": "https://www.hut-reservation.org/reservation/book-hut/89/wizard",
        "website": "http://www.alpenverein.at/heinrichhueterhuette/"
      },
      "geometry": {
        "type": "Point",
        "coordinates": [
          9.783688,
          47.0788
        ]
      }
    },
    {
      "type": "Feature",
      "properties": {
        "hut_id": "heinrich-schwaiger-haus-at",
        "hut": "Heinrich-Schwaiger-Haus, AT",
        "name": "Heinrich-Schwaiger-Haus",
        "country": "AT",
        "geocode_status": "OK",
        "formatted_address": "Mooserbodenstraße 30, 5710 Kaprun, Österreich",
        "query_used": "Heinrich-Schwaiger-Haus Austria",
        "reservation_url": "https://www.hut-reservation.org/reservation/book-hut/152/wizard",
        "website": "https://www.heinrich-schwaiger-haus.at/"
      },
      "geometry": {
        "type": "Point",
        "coordinates": [
          12.738883,
          47.162783
        ]
      }
    },
    {
      "type": "Feature",
      "properties": {
        "hut_id": "hermann-von-barth-hutte-at",
        "hut": "Hermann-von-Barth-Hütte, AT",
        "name": "Hermann-von-Barth-Hütte",
        "country": "AT",
        "geocode_status": "OK",
        "formatted_address": "6652, Österreich",
        "query_used": "Hermann-von-Barth-Hütte Austria",
        "reservation_url": "https://www.hut-reservation.org/reservation/book-hut/727/wizard",
        "website": "https://www.hermann-von-barth.at/"
      },
      "geometry": {
        "type": "Point",
        "coordinates": [
          10.3986243,
          47.3094183
        ]
      }
    },
    {
      "type": "Feature",
      "properties": {
        "hut_id": "hess-hutte-at",
        "hut": "Hess-Hütte, AT",
        "name": "Hess-Hütte",
        "country": "AT",
        "geocode_status": "OK",
        "formatted_address": "Haus-Nr. 41, 8912 Johnsbach, Österreich",
        "query_used": "Hess-Hütte Austria",
        "reservation_url": "https://www.hut-reservation.org/reservation/book-hut/306/wizard",
        "website": "https://www.alpenverein.at/hesshuette"
      },
      "geometry": {
        "type": "Point",
        "coordinates": [
          14.65,
          47.56
        ]
      }
    },
    {
      "type": "Feature",
      "properties": {
        "hut_id": "hexenseehutte-at",
        "hut": "Hexenseehütte, AT",
        "name": "Hexenseehütte",
        "country": "AT",
        "geocode_status": "OK",
        "formatted_address": "Komperdell 116, 6534 Serfaus, Österreich",
        "query_used": "Hexenseehütte Austria",
        "reservation_url": "https://www.hut-reservation.org/reservation/book-hut/377/wizard",
        "website": "https://www.koelner-haus.at/de/die-hexenseehuette/hexenseehuette/"
      },
      "geometry": {
        "type": "Point",
        "coordinates": [
          10.481156,
          47.018826
        ]
      }
    },
    {
      "type": "Feature",
      "properties": {
        "hut_id": "hildesheimer-hutte-at",
        "hut": "Hildesheimer Hütte, AT",
        "name": "Hildesheimer Hütte",
        "country": "AT",
        "geocode_status": "OK",
        "formatted_address": "Hütten Sölden 201, 6450 Sölden, Österreich",
        "query_used": "Hildesheimer Hütte Austria",
        "reservation_url": "https://www.hut-reservation.org/reservation/book-hut/369/wizard",
        "website": "https://www.hildesheimerhuette.at/index.html"
      },
      "geometry": {
        "type": "Point",
        "coordinates": [
          11.117297,
          46.966545
        ]
      }
    },
    {
      "type": "Feature",
      "properties": {
        "hut_id": "hochjoch-hospiz-at",
        "hut": "Hochjoch Hospiz, AT",
        "name": "Hochjoch Hospiz",
        "country": "AT",
        "geocode_status": "OK",
        "formatted_address": "Hütte 404, 6458 Vent, Österreich",
        "query_used": "Hochjoch Hospiz Austria",
        "reservation_url": "https://www.hut-reservation.org/reservation/book-hut/370/wizard",
        "website": "https://www.hochjoch-hospiz.at/"
      },
      "geometry": {
        "type": "Point",
        "coordinates": [
          10.83393,
          46.82516
        ]
      }
    },
    {
      "type": "Feature",
      "properties": {
        "hut_id": "hochlecken-haus-at",
        "hut": "Hochlecken-Haus, AT",
        "name": "Hochlecken-Haus",
        "country": "AT",
        "geocode_status": "OK",
        "formatted_address": "Hochlecken 1, 4853 Steinbach am Attersee, Österreich",
        "query_used": "Hochlecken-Haus Austria",
        "reservation_url": "https://www.hut-reservation.org/reservation/book-hut/343/wizard",
        "website": "https://www.hochleckenhaus.at/"
      },
      "geometry": {
        "type": "Point",
        "coordinates": [
          13.605526,
          47.828875
        ]
      }
    },
    {
      "type": "Feature",
      "properties": {
        "hut_id": "hochweissstein-haus-at",
        "hut": "Hochweißstein-Haus, AT",
        "name": "Hochweißstein-Haus",
        "country": "AT",
        "geocode_status": "OK",
        "formatted_address": "9654 Liesing, Österreich",
        "query_used": "Hochweißstein-Haus Austria",
        "reservation_url": "https://www.hut-reservation.org/reservation/book-hut/328/wizard",
        "website": "https://www.alpenverein.at/hochweisssteinhaus/"
      },
      "geometry": {
        "type": "Point",
        "coordinates": [
          12.7401,
          46.64307
        ]
      }
    },
    {
      "type": "Feature",
      "properties": {
        "hut_id": "hofalm-hutte-at",
        "hut": "Hofalm-Hütte, AT",
        "name": "Hofalm-Hütte",
        "country": "AT",
        "geocode_status": "OK",
        "formatted_address": "Österreich",
        "query_used": "Hofalm-Hütte Austria",
        "reservation_url": "https://www.hut-reservation.org/reservation/book-hut/503/wizard",
        "website": "https://www.hofalm.at/"
      },
      "geometry": {
        "type": "Point",
        "coordinates": [
          14.37131,
          47.65004
        ]
      }
    },
    {
      "type": "Feature",
      "properties": {
        "hut_id": "hofpurgl-hutte-at",
        "hut": "Hofpürgl-Hütte, AT",
        "name": "Hofpürgl-Hütte",
        "country": "AT",
        "geocode_status": "OK",
        "formatted_address": "Hofalmstraße 10, 5532 Filzmoos, Österreich",
        "query_used": "Hofpürgl-Hütte Austria",
        "reservation_url": "https://www.hut-reservation.org/reservation/book-hut/111/wizard",
        "website": "http://www.alpenverein.at/hofpuerglhuette/"
      },
      "geometry": {
        "type": "Point",
        "coordinates": [
          13.519027,
          47.482214
        ]
      }
    },
    {
      "type": "Feature",
      "properties": {
        "hut_id": "hohenzollernhaus-at",
        "hut": "Hohenzollernhaus, AT",
        "name": "Hohenzollernhaus",
        "country": "AT",
        "geocode_status": "OK",
        "formatted_address": "Radurschltal, 6542 Pfunds, Österreich",
        "query_used": "Hohenzollernhaus Austria",
        "reservation_url": "https://www.hut-reservation.org/reservation/book-hut/612/wizard",
        "website": "https://www.hohenzollernhaus.at/"
      },
      "geometry": {
        "type": "Point",
        "coordinates": [
          10.63496,
          46.90201
        ]
      }
    },
    {
      "type": "Feature",
      "properties": {
        "hut_id": "hubertus-haus-at",
        "hut": "Hubertus-Haus, AT",
        "name": "Hubertus-Haus",
        "country": "AT",
        "geocode_status": "OK",
        "formatted_address": "Auf der Wand 8, 2724 Oberhöflein, Österreich",
        "query_used": "Hubertus-Haus Austria",
        "reservation_url": "https://www.hut-reservation.org/reservation/book-hut/425/wizard",
        "website": "https://hut-reservation.notion.site/Support-130c866368c381929387de2833b04288"
      },
      "geometry": {
        "type": "Point",
        "coordinates": [
          16.0251,
          47.81199
        ]
      }
    },
    {
      "type": "Feature",
      "properties": {
        "hut_id": "ignaz-mattis-hutte-at",
        "hut": "Ignaz-Mattis-Hütte, AT",
        "name": "Ignaz-Mattis-Hütte",
        "country": "AT",
        "geocode_status": "OK",
        "formatted_address": "Obertalstraße 43, 8971 Obertal, Österreich",
        "query_used": "Ignaz-Mattis-Hütte Austria",
        "reservation_url": "https://www.hut-reservation.org/reservation/book-hut/577/wizard",
        "website": "https://www.alpenverein.at/ignazmattishuette/"
      },
      "geometry": {
        "type": "Point",
        "coordinates": [
          13.648433,
          47.28485
        ]
      }
    },
    {
      "type": "Feature",
      "properties": {
        "hut_id": "ingolstadter-haus-at",
        "hut": "Ingolstädter Haus, AT",
        "name": "Ingolstädter Haus",
        "country": "AT",
        "geocode_status": "OK",
        "formatted_address": "Bachwinkl 26, 5760 Saalfelden am Steinernen Meer, Österreich",
        "query_used": "Ingolstädter Haus Austria",
        "reservation_url": "https://www.hut-reservation.org/reservation/book-hut/144/wizard",
        "website": "https://www.dav-ingolstadt.de/"
      },
      "geometry": {
        "type": "Point",
        "coordinates": [
          12.88744,
          47.5017
        ]
      }
    },
    {
      "type": "Feature",
      "properties": {
        "hut_id": "innsbrucker-hutte-at",
        "hut": "Innsbrucker Hütte, AT",
        "name": "Innsbrucker Hütte",
        "country": "AT",
        "geocode_status": "OK",
        "formatted_address": "⛉ Schulweg 12, 6150 Neustift im Stubaital, Österreich",
        "query_used": "Innsbrucker Hütte Austria",
        "reservation_url": "https://www.hut-reservation.org/reservation/book-hut/320/wizard",
        "website": "https://www.innsbrucker-huette.at/"
      },
      "geometry": {
        "type": "Point",
        "coordinates": [
          11.310835,
          47.043137
        ]
      }
    },
    {
      "type": "Feature",
      "properties": {
        "hut_id": "ischler-hutte-at",
        "hut": "Ischler Hütte, AT",
        "name": "Ischler Hütte",
        "country": "AT",
        "geocode_status": "OK",
        "formatted_address": "Lichtersberg 125, 8992 Lichtersberg, Österreich",
        "query_used": "Ischler Hütte Austria",
        "reservation_url": "https://www.hut-reservation.org/reservation/book-hut/556/wizard",
        "website": "https://www.alpenverein.at/salzkammergut/huetten/index.php"
      },
      "geometry": {
        "type": "Point",
        "coordinates": [
          13.7606,
          47.7
        ]
      }
    },
    {
      "type": "Feature",
      "properties": {
        "hut_id": "jamtalhutte-at",
        "hut": "Jamtalhütte, AT",
        "name": "Jamtalhütte",
        "country": "AT",
        "geocode_status": "OK",
        "formatted_address": "Galtür .256, 6563 Galtür, Österreich",
        "query_used": "Jamtalhütte Austria",
        "reservation_url": "https://www.hut-reservation.org/reservation/book-hut/191/wizard",
        "website": "https://www.jamtalhuette.at/"
      },
      "geometry": {
        "type": "Point",
        "coordinates": [
          10.17645,
          46.88676
        ]
      }
    },
    {
      "type": "Feature",
      "properties": {
        "hut_id": "julius-seitner-hutte-at",
        "hut": "Julius-Seitner-Hütte, AT",
        "name": "Julius-Seitner-Hütte",
        "country": "AT",
        "geocode_status": "OK",
        "formatted_address": "Schwarzenbachstraße 15, 3184 Türnitz, Österreich",
        "query_used": "Julius-Seitner-Hütte Austria",
        "reservation_url": "https://www.hut-reservation.org/reservation/book-hut/147/wizard",
        "website": "http://www.alpenverein.at/juliusseitnerhuette/"
      },
      "geometry": {
        "type": "Point",
        "coordinates": [
          15.441089,
          47.96049
        ]
      }
    },
    {
      "type": "Feature",
      "properties": {
        "hut_id": "kaltenberghutte-at",
        "hut": "Kaltenberghütte, AT",
        "name": "Kaltenberghütte",
        "country": "AT",
        "geocode_status": "OK",
        "formatted_address": "Stuben 28, 6762 Stuben, Österreich",
        "query_used": "Kaltenberghütte Austria",
        "reservation_url": "https://www.hut-reservation.org/reservation/book-hut/95/wizard",
        "website": "http://www.kaltenberghuette.at/"
      },
      "geometry": {
        "type": "Point",
        "coordinates": [
          10.0836,
          47.0709
        ]
      }
    },
    {
      "type": "Feature",
      "properties": {
        "hut_id": "kampthaler-hutte-at",
        "hut": "Kampthaler-Hütte, AT",
        "name": "Kampthaler-Hütte",
        "country": "AT",
        "geocode_status": "OK",
        "formatted_address": "Sternenweg, 2384 Breitenfurt bei Wien, Österreich",
        "query_used": "Kampthaler-Hütte Austria",
        "reservation_url": "https://www.hut-reservation.org/reservation/book-hut/177/wizard",
        "website": "https://www.alpenverein.at/kampthalerhuette/"
      },
      "geometry": {
        "type": "Point",
        "coordinates": [
          16.199331,
          48.131607
        ]
      }
    },
    {
      "type": "Feature",
      "properties": {
        "hut_id": "karl-von-edel-hutte-at",
        "hut": "Karl-von-Edel-Hütte, AT",
        "name": "Karl-von-Edel-Hütte",
        "country": "AT",
        "geocode_status": "OK",
        "formatted_address": "Trail 514 to Edelhütte, 6290 Mayrhofen, Österreich",
        "query_used": "Karl-von-Edel-Hütte Austria",
        "reservation_url": "https://www.hut-reservation.org/reservation/book-hut/203/wizard",
        "website": "http://www.edelhuette-dav.de/"
      },
      "geometry": {
        "type": "Point",
        "coordinates": [
          11.89,
          47.13
        ]
      }
    },
    {
      "type": "Feature",
      "properties": {
        "hut_id": "karwendelhaus-at",
        "hut": "Karwendelhaus, AT",
        "name": "Karwendelhaus",
        "country": "AT",
        "geocode_status": "OK",
        "formatted_address": "Karwendelhaus 156, 6108 Scharnitz, Österreich",
        "query_used": "Karwendelhaus Austria",
        "reservation_url": "https://www.hut-reservation.org/reservation/book-hut/87/wizard",
        "website": "https://www.karwendelhaus.com/"
      },
      "geometry": {
        "type": "Point",
        "coordinates": [
          11.42165,
          47.427447
        ]
      }
    },
    {
      "type": "Feature",
      "properties": {
        "hut_id": "kasseler-hutte-im-zillertal-at",
        "hut": "Kasseler Hütte (im Zillertal), AT",
        "name": "Kasseler Hütte (im Zillertal)",
        "country": "AT",
        "geocode_status": "OK",
        "formatted_address": "Postfach 149 Stilluptal 970, 6290 Mayrhofen, Österreich",
        "query_used": "Kasseler Hütte (im Zillertal) Austria",
        "reservation_url": "https://www.hut-reservation.org/reservation/book-hut/178/wizard",
        "website": "https://www.kasselerhuette.de/"
      },
      "geometry": {
        "type": "Point",
        "coordinates": [
          11.95,
          47.06
        ]
      }
    },
    {
      "type": "Feature",
      "properties": {
        "hut_id": "kaunergrathutte-at",
        "hut": "Kaunergrathütte, AT",
        "name": "Kaunergrathütte",
        "country": "AT",
        "geocode_status": "OK",
        "formatted_address": "6481 Plangeroß, Österreich",
        "query_used": "Kaunergrathütte Austria",
        "reservation_url": "https://www.hut-reservation.org/reservation/book-hut/271/wizard",
        "website": "http://www.kaunergrathuette.at/"
      },
      "geometry": {
        "type": "Point",
        "coordinates": [
          10.806944,
          46.993889
        ]
      }
    },
    {
      "type": "Feature",
      "properties": {
        "hut_id": "keinprecht-hutte-at",
        "hut": "Keinprecht-Hütte, AT",
        "name": "Keinprecht-Hütte",
        "country": "AT",
        "geocode_status": "OK",
        "formatted_address": "Obertalstraße 44, 8971 Obertal, Österreich",
        "query_used": "Keinprecht-Hütte Austria",
        "reservation_url": "https://www.hut-reservation.org/reservation/book-hut/669/wizard",
        "website": "https://www.xn--keinprechthtte-qsb.at/"
      },
      "geometry": {
        "type": "Point",
        "coordinates": [
          13.693052,
          47.274638
        ]
      }
    },
    {
      "type": "Feature",
      "properties": {
        "hut_id": "kelchalm-bochumer-hutte-at",
        "hut": "Kelchalm (Bochumer Hütte), AT",
        "name": "Kelchalm (Bochumer Hütte)",
        "country": "AT",
        "geocode_status": "OK",
        "formatted_address": "Kelchalmweg 1, 6371 Aurach bei Kitzbühel, Österreich",
        "query_used": "Kelchalm (Bochumer Hütte) Austria",
        "reservation_url": "https://www.hut-reservation.org/reservation/book-hut/468/wizard",
        "website": "https://www.kelchalm.at/"
      },
      "geometry": {
        "type": "Point",
        "coordinates": [
          12.27,
          47.23
        ]
      }
    },
    {
      "type": "Feature",
      "properties": {
        "hut_id": "kellerjoch-hutte-at",
        "hut": "Kellerjoch-Hütte, AT",
        "name": "Kellerjoch-Hütte",
        "country": "AT",
        "geocode_status": "OK",
        "formatted_address": "Zintberg 67, 6130 Schwaz, Österreich",
        "query_used": "Kellerjoch-Hütte Austria",
        "reservation_url": "https://www.hut-reservation.org/reservation/book-hut/415/wizard",
        "website": "https://www.kellerjoch.at/"
      },
      "geometry": {
        "type": "Point",
        "coordinates": [
          11.764917,
          47.316541
        ]
      }
    },
    {
      "type": "Feature",
      "properties": {
        "hut_id": "klagenfurter-hutte-at",
        "hut": "Klagenfurter Hütte, AT",
        "name": "Klagenfurter Hütte",
        "country": "AT",
        "geocode_status": "OK",
        "formatted_address": "Bärental 19, 9181 Feistritz im Rosental, Österreich",
        "query_used": "Klagenfurter Hütte Austria",
        "reservation_url": "https://www.hut-reservation.org/reservation/book-hut/597/wizard",
        "website": "https://www.klagenfurter-huette.at/"
      },
      "geometry": {
        "type": "Point",
        "coordinates": [
          14.182995,
          46.446747
        ]
      }
    },
    {
      "type": "Feature",
      "properties": {
        "hut_id": "klostertaler-umwelthutte-at",
        "hut": "Klostertaler Umwelthütte, AT",
        "name": "Klostertaler Umwelthütte",
        "country": "AT",
        "geocode_status": "OK",
        "formatted_address": "6794 Gaschurn, Österreich",
        "query_used": "Klostertaler Umwelthütte Austria",
        "reservation_url": "https://www.hut-reservation.org/reservation/book-hut/79/wizard",
        "website": "https://www.alpenverein.de/verband/huetten-und-wege/huetten-des-bundesverbands/klostertaler-umwelthuette"
      },
      "geometry": {
        "type": "Point",
        "coordinates": [
          10.065993,
          46.881097
        ]
      }
    },
    {
      "type": "Feature",
      "properties": {
        "hut_id": "konstanzer-hutte-at",
        "hut": "Konstanzer Hütte, AT",
        "name": "Konstanzer Hütte",
        "country": "AT",
        "geocode_status": "OK",
        "formatted_address": "Konstanzer Hütte, 6580 St. Anton am Arlberg, Österreich",
        "query_used": "Konstanzer Hütte Austria",
        "reservation_url": "https://www.hut-reservation.org/reservation/book-hut/502/wizard",
        "website": "https://www.konstanzerhuette.com/"
      },
      "geometry": {
        "type": "Point",
        "coordinates": [
          10.189105,
          47.069629
        ]
      }
    },
    {
      "type": "Feature",
      "properties": {
        "hut_id": "kursinger-hutte-at",
        "hut": "Kürsinger-Hütte, AT",
        "name": "Kürsinger-Hütte",
        "country": "AT",
        "geocode_status": "OK",
        "formatted_address": "Roßberg 27, 5741 Neukirchen am Großvenediger, Österreich",
        "query_used": "Kürsinger-Hütte Austria",
        "reservation_url": "https://www.hut-reservation.org/reservation/book-hut/292/wizard",
        "website": "http://www.kuersinger.at/"
      },
      "geometry": {
        "type": "Point",
        "coordinates": [
          12.300099,
          47.122847
        ]
      }
    },
    {
      "type": "Feature",
      "properties": {
        "hut_id": "lamsenjochhutte-at",
        "hut": "Lamsenjochhütte, AT",
        "name": "Lamsenjochhütte",
        "country": "AT",
        "geocode_status": "OK",
        "formatted_address": "Dorf 1, 6134 Schwaz, Österreich",
        "query_used": "Lamsenjochhütte Austria",
        "reservation_url": "https://www.hut-reservation.org/reservation/book-hut/437/wizard",
        "website": "https://www.alpenverein-muenchen-oberland.de/huetten/alpenvereinshuetten/lamsenjochhuette"
      },
      "geometry": {
        "type": "Point",
        "coordinates": [
          11.603557,
          47.380067
        ]
      }
    },
    {
      "type": "Feature",
      "properties": {
        "hut_id": "landsberger-hutte-at",
        "hut": "Landsberger Hütte, AT",
        "name": "Landsberger Hütte",
        "country": "AT",
        "geocode_status": "OK",
        "formatted_address": "6675 Tannheim, Österreich",
        "query_used": "Landsberger Hütte Austria",
        "reservation_url": "https://www.hut-reservation.org/reservation/book-hut/215/wizard",
        "website": "https://www.landsbergerhuette.at/"
      },
      "geometry": {
        "type": "Point",
        "coordinates": [
          10.51438,
          47.4451
        ]
      }
    },
    {
      "type": "Feature",
      "properties": {
        "hut_id": "langtalereckhutte-at",
        "hut": "Langtalereckhütte, AT",
        "name": "Langtalereckhütte",
        "country": "AT",
        "geocode_status": "OK",
        "formatted_address": "Obergurgl, 6456, Österreich",
        "query_used": "Langtalereckhütte Austria",
        "reservation_url": "https://www.hut-reservation.org/reservation/book-hut/365/wizard",
        "website": "https://alpenverein-karlsruhe.de/huetten/langtalereckhuette"
      },
      "geometry": {
        "type": "Point",
        "coordinates": [
          10.9919,
          46.8288
        ]
      }
    },
    {
      "type": "Feature",
      "properties": {
        "hut_id": "lienzer-hutte-at",
        "hut": "Lienzer Hütte, AT",
        "name": "Lienzer Hütte",
        "country": "AT",
        "geocode_status": "OK",
        "formatted_address": "9990, Österreich",
        "query_used": "Lienzer Hütte Austria",
        "reservation_url": "https://www.hut-reservation.org/reservation/book-hut/684/wizard",
        "website": "https://www.lienzer-huette.at/"
      },
      "geometry": {
        "type": "Point",
        "coordinates": [
          12.746468,
          46.934975
        ]
      }
    },
    {
      "type": "Feature",
      "properties": {
        "hut_id": "lilienfelder-hutte-at",
        "hut": "Lilienfelder Hütte, AT",
        "name": "Lilienfelder Hütte",
        "country": "AT",
        "geocode_status": "OK",
        "formatted_address": "Gschwendt 1, 3180 Lilienfeld, Österreich",
        "query_used": "Lilienfelder Hütte Austria",
        "reservation_url": "https://www.hut-reservation.org/reservation/book-hut/428/wizard",
        "website": "https://www.alpenverein.at/lilienfelderhuette/"
      },
      "geometry": {
        "type": "Point",
        "coordinates": [
          15.589,
          47.989
        ]
      }
    },
    {
      "type": "Feature",
      "properties": {
        "hut_id": "lindauer-hutte-at",
        "hut": "Lindauer Hütte, AT",
        "name": "Lindauer Hütte",
        "country": "AT",
        "geocode_status": "OK",
        "formatted_address": "Vollsporaweg 37, 6774 Tschagguns, Österreich",
        "query_used": "Lindauer Hütte Austria",
        "reservation_url": "https://www.hut-reservation.org/reservation/book-hut/297/wizard",
        "website": "https://lindauerhuette.com/"
      },
      "geometry": {
        "type": "Point",
        "coordinates": [
          9.835456,
          47.034547
        ]
      }
    },
    {
      "type": "Feature",
      "properties": {
        "hut_id": "lizumer-hutte-at",
        "hut": "Lizumer Hütte, AT",
        "name": "Lizumer Hütte",
        "country": "AT",
        "geocode_status": "OK",
        "formatted_address": "Wattenberg 105, 6113 Wattenberg, Österreich",
        "query_used": "Lizumer Hütte Austria",
        "reservation_url": "https://www.hut-reservation.org/reservation/book-hut/720/wizard",
        "website": "https://www.lizumer-huette.at/"
      },
      "geometry": {
        "type": "Point",
        "coordinates": [
          11.64,
          47.16
        ]
      }
    },
    {
      "type": "Feature",
      "properties": {
        "hut_id": "lucknerhutte-at",
        "hut": "Lucknerhütte, AT",
        "name": "Lucknerhütte",
        "country": "AT",
        "geocode_status": "OK",
        "formatted_address": "Oberlohr Florian, Glor-Berg 17, 9981 Kals am Großglockner, Österreich",
        "query_used": "Lucknerhütte Austria",
        "reservation_url": "https://www.hut-reservation.org/reservation/book-hut/578/wizard",
        "website": "https://www.lucknerhuette.at/"
      },
      "geometry": {
        "type": "Point",
        "coordinates": [
          12.69,
          47.03
        ]
      }
    },
    {
      "type": "Feature",
      "properties": {
        "hut_id": "ludwigsburger-hutte-at",
        "hut": "Ludwigsburger Hütte, AT",
        "name": "Ludwigsburger Hütte",
        "country": "AT",
        "geocode_status": "OK",
        "formatted_address": "Zaunhof 70, 6481 Zaunhof, Österreich",
        "query_used": "Ludwigsburger Hütte Austria",
        "reservation_url": "https://www.hut-reservation.org/reservation/book-hut/546/wizard",
        "website": "https://www.ludwigsburger-huette.at/"
      },
      "geometry": {
        "type": "Point",
        "coordinates": [
          10.823611,
          47.114722
        ]
      }
    },
    {
      "type": "Feature",
      "properties": {
        "hut_id": "mannheimer-hutte-at",
        "hut": "Mannheimer Hütte, AT",
        "name": "Mannheimer Hütte",
        "country": "AT",
        "geocode_status": "OK",
        "formatted_address": "Brand 1372/2, 6708 Brand bei Bludenz, Österreich",
        "query_used": "Mannheimer Hütte Austria",
        "reservation_url": "https://www.hut-reservation.org/reservation/book-hut/654/wizard",
        "website": "https://www.mannheimerhuette.co.at/"
      },
      "geometry": {
        "type": "Point",
        "coordinates": [
          9.689749,
          47.066762
        ]
      }
    },
    {
      "type": "Feature",
      "properties": {
        "hut_id": "martin-busch-hutte-at",
        "hut": "Martin-Busch-Hütte, AT",
        "name": "Martin-Busch-Hütte",
        "country": "AT",
        "geocode_status": "OK",
        "formatted_address": "6458, Österreich",
        "query_used": "Martin-Busch-Hütte Austria",
        "reservation_url": "https://www.hut-reservation.org/reservation/book-hut/476/wizard",
        "website": "https://www.vent.eu/"
      },
      "geometry": {
        "type": "Point",
        "coordinates": [
          10.886944,
          46.801111
        ]
      }
    },
    {
      "type": "Feature",
      "properties": {
        "hut_id": "millstatter-hutte-at",
        "hut": "Millstätter Hütte, AT",
        "name": "Millstätter Hütte",
        "country": "AT",
        "geocode_status": "OK",
        "formatted_address": "www.google.com/local/place/rap/edit/location, Schwaigerschaft 12, 9872 Millstatthttps:, Österreich",
        "query_used": "Millstätter Hütte Austria",
        "reservation_url": "https://www.hut-reservation.org/reservation/book-hut/273/wizard",
        "website": "http://www.millstaetterhuette.at/"
      },
      "geometry": {
        "type": "Point",
        "coordinates": [
          13.5942,
          46.8483
        ]
      }
    },
    {
      "type": "Feature",
      "properties": {
        "hut_id": "muttekopf-hutte-at",
        "hut": "Muttekopf-Hütte, AT",
        "name": "Muttekopf-Hütte",
        "country": "AT",
        "geocode_status": "OK",
        "formatted_address": "Hoch-Imst, 6460 Gemeinde Imst, Österreich",
        "query_used": "Muttekopf-Hütte Austria",
        "reservation_url": "https://www.hut-reservation.org/reservation/book-hut/160/wizard",
        "website": "http://www.muttekopf.at/huette/"
      },
      "geometry": {
        "type": "Point",
        "coordinates": [
          10.66983,
          47.26259
        ]
      }
    },
    {
      "type": "Feature",
      "properties": {
        "hut_id": "modlinger-hutte-at",
        "hut": "Mödlinger Hütte, AT",
        "name": "Mödlinger Hütte",
        "country": "AT",
        "geocode_status": "OK",
        "formatted_address": "116, 8912 Johnsbach, Österreich",
        "query_used": "Mödlinger Hütte Austria",
        "reservation_url": "https://www.hut-reservation.org/reservation/book-hut/117/wizard",
        "website": "http://www.alpenverein.at/moedlingerhuette/"
      },
      "geometry": {
        "type": "Point",
        "coordinates": [
          14.55,
          47.52
        ]
      }
    },
    {
      "type": "Feature",
      "properties": {
        "hut_id": "nauderer-hutte-at",
        "hut": "Nauderer Hütte, AT",
        "name": "Nauderer Hütte",
        "country": "AT",
        "geocode_status": "OK",
        "formatted_address": "6543 Nauders, Österreich",
        "query_used": "Nauderer Hütte Austria",
        "reservation_url": "https://www.hut-reservation.org/reservation/book-hut/746/wizard",
        "website": "https://www.naudererhuette.de/"
      },
      "geometry": {
        "type": "Point",
        "coordinates": [
          10.548333,
          46.878056
        ]
      }
    },
    {
      "type": "Feature",
      "properties": {
        "hut_id": "neue-bamberger-hutte-at",
        "hut": "Neue Bamberger Hütte, AT",
        "name": "Neue Bamberger Hütte",
        "country": "AT",
        "geocode_status": "OK",
        "formatted_address": "Kurzer Grund 28, 6361 Kelchsau, Österreich",
        "query_used": "Neue Bamberger Hütte Austria",
        "reservation_url": "https://www.hut-reservation.org/reservation/book-hut/116/wizard",
        "website": "http://alpenverein-bamberg.de/huetten/bamberger-huette/"
      },
      "geometry": {
        "type": "Point",
        "coordinates": [
          12.15055,
          47.30904
        ]
      }
    },
    {
      "type": "Feature",
      "properties": {
        "hut_id": "neue-bonner-hutte-at",
        "hut": "Neue Bonner Hütte, AT",
        "name": "Neue Bonner Hütte",
        "country": "AT",
        "geocode_status": "OK",
        "formatted_address": "Frankenberg 18, 9863 Frankenberg, Österreich",
        "query_used": "Neue Bonner Hütte Austria",
        "reservation_url": "https://www.hut-reservation.org/reservation/book-hut/162/wizard",
        "website": "https://www.neue-bonner-huette.at/"
      },
      "geometry": {
        "type": "Point",
        "coordinates": [
          13.68,
          47.037222
        ]
      }
    },
    {
      "type": "Feature",
      "properties": {
        "hut_id": "neue-further-hutte-at",
        "hut": "Neue Fürther Hütte, AT",
        "name": "Neue Fürther Hütte",
        "country": "AT",
        "geocode_status": "OK",
        "formatted_address": "Hollersbach 65, 5731 Hollersbach im Pinzgau, Österreich",
        "query_used": "Neue Fürther Hütte Austria",
        "reservation_url": "https://www.hut-reservation.org/reservation/book-hut/385/wizard",
        "website": "http://www.fuerther-huette.at/"
      },
      "geometry": {
        "type": "Point",
        "coordinates": [
          12.4245,
          47.1654
        ]
      }
    },
    {
      "type": "Feature",
      "properties": {
        "hut_id": "neue-heilbronner-hutte-at",
        "hut": "Neue Heilbronner Hütte, AT",
        "name": "Neue Heilbronner Hütte",
        "country": "AT",
        "geocode_status": "OK",
        "formatted_address": "Verwall, 6794 Gaschurn, Österreich",
        "query_used": "Neue Heilbronner Hütte Austria",
        "reservation_url": "https://www.hut-reservation.org/reservation/book-hut/103/wizard",
        "website": "https://www.heilbronner-huette.de/"
      },
      "geometry": {
        "type": "Point",
        "coordinates": [
          10.138827,
          47.007216
        ]
      }
    },
    {
      "type": "Feature",
      "properties": {
        "hut_id": "neue-magdeburger-hutte-at",
        "hut": "Neue Magdeburger Hütte, AT",
        "name": "Neue Magdeburger Hütte",
        "country": "AT",
        "geocode_status": "OK",
        "formatted_address": "HNr, 6170 Zirl, Österreich",
        "query_used": "Neue Magdeburger Hütte Austria",
        "reservation_url": "https://www.hut-reservation.org/reservation/book-hut/129/wizard",
        "website": "http://www.magdeburger-huette.at/"
      },
      "geometry": {
        "type": "Point",
        "coordinates": [
          11.296524,
          47.288944
        ]
      }
    },
    {
      "type": "Feature",
      "properties": {
        "hut_id": "neue-prager-hutte-at",
        "hut": "Neue Prager Hütte, AT",
        "name": "Neue Prager Hütte",
        "country": "AT",
        "geocode_status": "OK",
        "formatted_address": "Tauer 70, 9971 Tauer, Österreich",
        "query_used": "Neue Prager Hütte Austria",
        "reservation_url": "https://www.hut-reservation.org/reservation/book-hut/58/wizard",
        "website": "http://www.neue-prager-huette.at/"
      },
      "geometry": {
        "type": "Point",
        "coordinates": [
          12.392222,
          47.123056
        ]
      }
    },
    {
      "type": "Feature",
      "properties": {
        "hut_id": "neue-regensburger-hutte-at",
        "hut": "Neue Regensburger Hütte, AT",
        "name": "Neue Regensburger Hütte",
        "country": "AT",
        "geocode_status": "OK",
        "formatted_address": "Falbeson 285, 6167 Neustift im Stubaital, Österreich",
        "query_used": "Neue Regensburger Hütte Austria",
        "reservation_url": "https://www.hut-reservation.org/reservation/book-hut/275/wizard",
        "website": "https://www.regensburgerhuette.at/"
      },
      "geometry": {
        "type": "Point",
        "coordinates": [
          11.198342,
          47.054707
        ]
      }
    },
    {
      "type": "Feature",
      "properties": {
        "hut_id": "neue-reichenberger-hutte-at",
        "hut": "Neue Reichenberger Hütte, AT",
        "name": "Neue Reichenberger Hütte",
        "country": "AT",
        "geocode_status": "OK",
        "formatted_address": "Innerrotte 49, 9963 Innerrotte, Österreich",
        "query_used": "Neue Reichenberger Hütte Austria",
        "reservation_url": "https://www.hut-reservation.org/reservation/book-hut/545/wizard",
        "website": "https://www.alpenverein.at/reichenberg"
      },
      "geometry": {
        "type": "Point",
        "coordinates": [
          12.280359,
          46.971448
        ]
      }
    },
    {
      "type": "Feature",
      "properties": {
        "hut_id": "neue-reutlinger-hutte-at",
        "hut": "Neue Reutlinger Hütte, AT",
        "name": "Neue Reutlinger Hütte",
        "country": "AT",
        "geocode_status": "OK",
        "formatted_address": "6780 Silbertal, Österreich",
        "query_used": "Neue Reutlinger Hütte Austria",
        "reservation_url": "https://www.hut-reservation.org/reservation/book-hut/96/wizard",
        "website": "http://www.dav-reutlingen.de/huetten/neue-reutlinger-huette/"
      },
      "geometry": {
        "type": "Point",
        "coordinates": [
          10.11565,
          47.07541
        ]
      }
    },
    {
      "type": "Feature",
      "properties": {
        "hut_id": "neue-thuringer-hutte-at",
        "hut": "Neue Thüringer Hütte, AT",
        "name": "Neue Thüringer Hütte",
        "country": "AT",
        "geocode_status": "OK",
        "formatted_address": "Habach 22, 5733 Bramberg am Wildkogel, Österreich",
        "query_used": "Neue Thüringer Hütte Austria",
        "reservation_url": "https://www.hut-reservation.org/reservation/book-hut/237/wizard",
        "website": "https://www.neuethueringerhuette.at/"
      },
      "geometry": {
        "type": "Point",
        "coordinates": [
          12.383333,
          47.172778
        ]
      }
    },
    {
      "type": "Feature",
      "properties": {
        "hut_id": "neunkirchner-hutte-at",
        "hut": "Neunkirchner Hütte, AT",
        "name": "Neunkirchner Hütte",
        "country": "AT",
        "geocode_status": "OK",
        "formatted_address": "8832, Österreich",
        "query_used": "Neunkirchner Hütte Austria",
        "reservation_url": "https://www.hut-reservation.org/reservation/book-hut/429/wizard",
        "website": "http://gebirgsverein-neunkirchen.at/"
      },
      "geometry": {
        "type": "Point",
        "coordinates": [
          14.14879,
          47.27396
        ]
      }
    },
    {
      "type": "Feature",
      "properties": {
        "hut_id": "niedersachsenhaus-at",
        "hut": "Niedersachsenhaus, AT",
        "name": "Niedersachsenhaus",
        "country": "AT",
        "geocode_status": "OK",
        "formatted_address": "Kolmstraße 80, 5661 Bucheben, Österreich",
        "query_used": "Niedersachsenhaus Austria",
        "reservation_url": "https://www.hut-reservation.org/reservation/book-hut/319/wizard",
        "website": "https://www.niedersachsenhaus.at/"
      },
      "geometry": {
        "type": "Point",
        "coordinates": [
          13.010278,
          47.060278
        ]
      }
    },
    {
      "type": "Feature",
      "properties": {
        "hut_id": "nordlinger-hutte-at",
        "hut": "Nördlinger Hütte, AT",
        "name": "Nördlinger Hütte",
        "country": "AT",
        "geocode_status": "OK",
        "formatted_address": "Reither Spitze, 6103 Reith bei Seefeld, Österreich",
        "query_used": "Nördlinger Hütte Austria",
        "reservation_url": "https://www.hut-reservation.org/reservation/book-hut/202/wizard",
        "website": "https://www.noerdlingerhuette.at/"
      },
      "geometry": {
        "type": "Point",
        "coordinates": [
          11.236693,
          47.320786
        ]
      }
    },
    {
      "type": "Feature",
      "properties": {
        "hut_id": "nurnberger-hutte-at",
        "hut": "Nürnberger Hütte, AT",
        "name": "Nürnberger Hütte",
        "country": "AT",
        "geocode_status": "OK",
        "formatted_address": "Nürnberger Hütte 252, 6167 Neustift im Stubaital, Österreich",
        "query_used": "Nürnberger Hütte Austria",
        "reservation_url": "https://www.hut-reservation.org/reservation/book-hut/124/wizard",
        "website": "https://www.nuernberger-huette.at%20%20%20o%20d%20e%20r%20%20%20www.nuernbergerhuette.xn--at%20(dav%20sektion%20nrnberg)-rfd/"
      },
      "geometry": {
        "type": "Point",
        "coordinates": [
          11.218299,
          46.994374
        ]
      }
    },
    {
      "type": "Feature",
      "properties": {
        "hut_id": "oberlandhutte-at",
        "hut": "Oberlandhütte, AT",
        "name": "Oberlandhütte",
        "country": "AT",
        "geocode_status": "OK",
        "formatted_address": "Falkensteinweg 35, 6365 Kirchberg in Tirol, Österreich",
        "query_used": "Oberlandhütte Austria",
        "reservation_url": "https://www.hut-reservation.org/reservation/book-hut/138/wizard",
        "website": "https://www.alpenverein-muenchen-oberland.de/huetten/alpenvereinshuetten/oberlandhuette"
      },
      "geometry": {
        "type": "Point",
        "coordinates": [
          12.30752,
          47.37979
        ]
      }
    },
    {
      "type": "Feature",
      "properties": {
        "hut_id": "oberwalder-hutte-at",
        "hut": "Oberwalder-Hütte, AT",
        "name": "Oberwalder-Hütte",
        "country": "AT",
        "geocode_status": "OK",
        "formatted_address": "9844 Heiligenblut, Österreich",
        "query_used": "Oberwalder-Hütte Austria",
        "reservation_url": "https://www.hut-reservation.org/reservation/book-hut/300/wizard",
        "website": "https://www.alpenverein.at/oberwalderhuette"
      },
      "geometry": {
        "type": "Point",
        "coordinates": [
          12.715533,
          47.105367
        ]
      }
    },
    {
      "type": "Feature",
      "properties": {
        "hut_id": "oberzalimhutte-at",
        "hut": "Oberzalimhütte, AT",
        "name": "Oberzalimhütte",
        "country": "AT",
        "geocode_status": "OK",
        "formatted_address": "Oberzalimhütte, Brand 1285/2, 6708 Brand bei Bludenz, Österreich",
        "query_used": "Oberzalimhütte Austria",
        "reservation_url": "https://www.hut-reservation.org/reservation/book-hut/655/wizard",
        "website": "https://www.oberzalim.at/"
      },
      "geometry": {
        "type": "Point",
        "coordinates": [
          9.693361,
          47.079861
        ]
      }
    },
    {
      "type": "Feature",
      "properties": {
        "hut_id": "obstansersee-hutte-at",
        "hut": "Obstansersee-Hütte, AT",
        "name": "Obstansersee-Hütte",
        "country": "AT",
        "geocode_status": "OK",
        "formatted_address": "Kartitsch, 9941 Kartitsch, Österreich",
        "query_used": "Obstansersee-Hütte Austria",
        "reservation_url": "https://www.hut-reservation.org/reservation/book-hut/268/wizard",
        "website": "https://obstans.jimdo.com/"
      },
      "geometry": {
        "type": "Point",
        "coordinates": [
          12.493746,
          46.684367
        ]
      }
    },
    {
      "type": "Feature",
      "properties": {
        "hut_id": "olpererhutte-at",
        "hut": "Olpererhütte, AT",
        "name": "Olpererhütte",
        "country": "AT",
        "geocode_status": "OK",
        "formatted_address": "Dornauberg 110, 6295 Dornauberg, Österreich",
        "query_used": "Olpererhütte Austria",
        "reservation_url": "https://www.hut-reservation.org/reservation/book-hut/119/wizard",
        "website": "https://www.olpererhuette.de/"
      },
      "geometry": {
        "type": "Point",
        "coordinates": [
          11.68,
          47.04
        ]
      }
    },
    {
      "type": "Feature",
      "properties": {
        "hut_id": "ostpreussenhutte-at",
        "hut": "Ostpreussenhütte, AT",
        "name": "Ostpreussenhütte",
        "country": "AT",
        "geocode_status": "OK",
        "formatted_address": "Reitsam 41, 5451 Reitsam, Österreich",
        "query_used": "Ostpreussenhütte Austria",
        "reservation_url": "https://www.hut-reservation.org/reservation/book-hut/617/wizard",
        "website": "https://www.ostpreussenhuette.at/"
      },
      "geometry": {
        "type": "Point",
        "coordinates": [
          13.11603,
          47.46028
        ]
      }
    },
    {
      "type": "Feature",
      "properties": {
        "hut_id": "otto-mayr-hutte-at",
        "hut": "Otto- Mayr-Hütte, AT",
        "name": "Otto- Mayr-Hütte",
        "country": "AT",
        "geocode_status": "OK",
        "formatted_address": "Roßschläg, 6600 Musau, Österreich",
        "query_used": "Otto- Mayr-Hütte Austria",
        "reservation_url": "https://www.hut-reservation.org/reservation/book-hut/272/wizard",
        "website": "https://www.ottomayrhuette.com/"
      },
      "geometry": {
        "type": "Point",
        "coordinates": [
          10.61855,
          47.5931
        ]
      }
    },
    {
      "type": "Feature",
      "properties": {
        "hut_id": "passauer-hutte-at",
        "hut": "Passauer Hütte, AT",
        "name": "Passauer Hütte",
        "country": "AT",
        "geocode_status": "OK",
        "formatted_address": "Frohnwies 16, 5093 Frohnwies, Österreich",
        "query_used": "Passauer Hütte Austria",
        "reservation_url": "https://www.hut-reservation.org/reservation/book-hut/232/wizard",
        "website": "https://www.passauer-huette.de/"
      },
      "geometry": {
        "type": "Point",
        "coordinates": [
          12.750405,
          47.4742
        ]
      }
    },
    {
      "type": "Feature",
      "properties": {
        "hut_id": "peilstein-haus-at",
        "hut": "Peilstein-Haus, AT",
        "name": "Peilstein-Haus",
        "country": "AT",
        "geocode_status": "OK",
        "formatted_address": "Schwarzensee 15, 2565 Neuhaus, Österreich",
        "query_used": "Peilstein-Haus Austria",
        "reservation_url": "https://www.hut-reservation.org/reservation/book-hut/430/wizard",
        "website": "https://www.gebirgsverein-services.at/peilsteinhaus_web/index.html"
      },
      "geometry": {
        "type": "Point",
        "coordinates": [
          16.05171,
          48.014866
        ]
      }
    },
    {
      "type": "Feature",
      "properties": {
        "hut_id": "peter-wiechenthaler-hutte-at",
        "hut": "Peter-Wiechenthaler-Hütte, AT",
        "name": "Peter-Wiechenthaler-Hütte",
        "country": "AT",
        "geocode_status": "OK",
        "formatted_address": "Peter Wiechentaler Hütte, 5760 Saalfelden am Steinernen Meer, Österreich",
        "query_used": "Peter-Wiechenthaler-Hütte Austria",
        "reservation_url": "https://www.hut-reservation.org/reservation/book-hut/141/wizard",
        "website": "http://www.wiechenthaler-huette.at/"
      },
      "geometry": {
        "type": "Point",
        "coordinates": [
          12.875,
          47.463
        ]
      }
    },
    {
      "type": "Feature",
      "properties": {
        "hut_id": "pfeis-hutte-at",
        "hut": "Pfeis-Hütte, AT",
        "name": "Pfeis-Hütte",
        "country": "AT",
        "geocode_status": "OK",
        "formatted_address": "Rosnerweg 201, 6020 Innsbruck, Österreich",
        "query_used": "Pfeis-Hütte Austria",
        "reservation_url": "https://www.hut-reservation.org/reservation/book-hut/179/wizard",
        "website": "https://www.alpenverein.at/pfeishuette/"
      },
      "geometry": {
        "type": "Point",
        "coordinates": [
          11.425489,
          47.330036
        ]
      }
    },
    {
      "type": "Feature",
      "properties": {
        "hut_id": "pforzheimer-hutte-at",
        "hut": "Pforzheimer Hütte, AT",
        "name": "Pforzheimer Hütte",
        "country": "AT",
        "geocode_status": "OK",
        "formatted_address": "Sankt Sigmund 19a, 6184 St. Sigmund im Sellrain, Österreich",
        "query_used": "Pforzheimer Hütte Austria",
        "reservation_url": "https://www.hut-reservation.org/reservation/book-hut/239/wizard",
        "website": "https://www.pforzheimerhuette.at/"
      },
      "geometry": {
        "type": "Point",
        "coordinates": [
          11.0435,
          47.09283
        ]
      }
    },
    {
      "type": "Feature",
      "properties": {
        "hut_id": "plauener-hutte-at",
        "hut": "Plauener Hütte, AT",
        "name": "Plauener Hütte",
        "country": "AT",
        "geocode_status": "OK",
        "formatted_address": "Zillergrund 86, 6290 Brandberg, Österreich",
        "query_used": "Plauener Hütte Austria",
        "reservation_url": "https://www.hut-reservation.org/reservation/book-hut/207/wizard",
        "website": "https://www.plauener-huette.at/"
      },
      "geometry": {
        "type": "Point",
        "coordinates": [
          12.096111,
          47.118333
        ]
      }
    },
    {
      "type": "Feature",
      "properties": {
        "hut_id": "porze-hutte-at",
        "hut": "Porze-Hütte, AT",
        "name": "Porze-Hütte",
        "country": "AT",
        "geocode_status": "OK",
        "formatted_address": "Obertilliach, 9942 Obertilliach, Österreich",
        "query_used": "Porze-Hütte Austria",
        "reservation_url": "https://www.hut-reservation.org/reservation/book-hut/185/wizard",
        "website": "https://www.alpenverein.at/porzehuette/"
      },
      "geometry": {
        "type": "Point",
        "coordinates": [
          12.581,
          46.659
        ]
      }
    },
    {
      "type": "Feature",
      "properties": {
        "hut_id": "potsdamer-hutte-at",
        "hut": "Potsdamer Hütte, AT",
        "name": "Potsdamer Hütte",
        "country": "AT",
        "geocode_status": "OK",
        "formatted_address": "Selrain 194, 6181 Sellrain, Österreich",
        "query_used": "Potsdamer Hütte Austria",
        "reservation_url": "https://www.hut-reservation.org/reservation/book-hut/283/wizard",
        "website": "https://www.potsdamer-huette.de/"
      },
      "geometry": {
        "type": "Point",
        "coordinates": [
          11.2,
          47.14
        ]
      }
    },
    {
      "type": "Feature",
      "properties": {
        "hut_id": "preintalerhutte-at",
        "hut": "Preintalerhütte, AT",
        "name": "Preintalerhütte",
        "country": "AT",
        "geocode_status": "OK",
        "formatted_address": "Untertalstraße 67, 8970 Schladming, Österreich",
        "query_used": "Preintalerhütte Austria",
        "reservation_url": "https://www.hut-reservation.org/reservation/book-hut/402/wizard",
        "website": "http://www.preintaler.at/agp/index.php/unsere-huetten/preintalerhuette"
      },
      "geometry": {
        "type": "Point",
        "coordinates": [
          13.8133,
          47.3131
        ]
      }
    },
    {
      "type": "Feature",
      "properties": {
        "hut_id": "priel-schutzhaus-at",
        "hut": "Priel-Schutzhaus, AT",
        "name": "Priel-Schutzhaus",
        "country": "AT",
        "geocode_status": "OK",
        "formatted_address": "Prielschutzhaus, 4573 Hinterstoder, Österreich",
        "query_used": "Priel-Schutzhaus Austria",
        "reservation_url": "https://www.hut-reservation.org/reservation/book-hut/336/wizard",
        "website": "https://www.prielschutzhaus.com/"
      },
      "geometry": {
        "type": "Point",
        "coordinates": [
          14.081894,
          47.704935
        ]
      }
    },
    {
      "type": "Feature",
      "properties": {
        "hut_id": "puhringer-hutte-at",
        "hut": "Pühringer-Hütte, AT",
        "name": "Pühringer-Hütte",
        "country": "AT",
        "geocode_status": "OK",
        "formatted_address": "8993 Grundlsee, Österreich",
        "query_used": "Pühringer-Hütte Austria",
        "reservation_url": "https://www.hut-reservation.org/reservation/book-hut/509/wizard",
        "website": "https://www.xn--phringerhtte-dlbi.at/"
      },
      "geometry": {
        "type": "Point",
        "coordinates": [
          13.966548,
          47.687077
        ]
      }
    },
    {
      "type": "Feature",
      "properties": {
        "hut_id": "rastkogelhutte-at",
        "hut": "Rastkogelhütte, AT",
        "name": "Rastkogelhütte",
        "country": "AT",
        "geocode_status": "OK",
        "formatted_address": "Hochschwendberg 539, 6283 Hippach-Schwendberg, Österreich",
        "query_used": "Rastkogelhütte Austria",
        "reservation_url": "https://www.hut-reservation.org/reservation/book-hut/205/wizard",
        "website": "https://www.rastkogelhuette.de/"
      },
      "geometry": {
        "type": "Point",
        "coordinates": [
          11.788416,
          47.232162
        ]
      }
    },
    {
      "type": "Feature",
      "properties": {
        "hut_id": "richterhutte-at",
        "hut": "Richterhütte, AT",
        "name": "Richterhütte",
        "country": "AT",
        "geocode_status": "OK",
        "formatted_address": "5743 Krimml, Österreich",
        "query_used": "Richterhütte Austria",
        "reservation_url": "https://www.hut-reservation.org/reservation/book-hut/136/wizard",
        "website": "https://www.richterhuette.com/"
      },
      "geometry": {
        "type": "Point",
        "coordinates": [
          12.133851,
          47.123845
        ]
      }
    },
    {
      "type": "Feature",
      "properties": {
        "hut_id": "rieder-hutte-at",
        "hut": "Rieder Hütte, AT",
        "name": "Rieder Hütte",
        "country": "AT",
        "geocode_status": "OK",
        "formatted_address": "Feuerkogel 10, 4802 Ebensee, Österreich",
        "query_used": "Rieder Hütte Austria",
        "reservation_url": "https://www.hut-reservation.org/reservation/book-hut/248/wizard",
        "website": "https://www.rieder-huette.at/"
      },
      "geometry": {
        "type": "Point",
        "coordinates": [
          13.676637,
          47.804032
        ]
      }
    },
    {
      "type": "Feature",
      "properties": {
        "hut_id": "riemannhaus-at",
        "hut": "Riemannhaus, AT",
        "name": "Riemannhaus",
        "country": "AT",
        "geocode_status": "OK",
        "formatted_address": "Griesbachwinkl 40, 5761, Österreich",
        "query_used": "Riemannhaus Austria",
        "reservation_url": "https://www.hut-reservation.org/reservation/book-hut/145/wizard",
        "website": "https://www.riemannhaus-maria-alm.at/"
      },
      "geometry": {
        "type": "Point",
        "coordinates": [
          12.91458,
          47.45802
        ]
      }
    },
    {
      "type": "Feature",
      "properties": {
        "hut_id": "riffelseehutte-at",
        "hut": "Riffelseehütte, AT",
        "name": "Riffelseehütte",
        "country": "AT",
        "geocode_status": "OK",
        "formatted_address": "Mandarfen 39, 6481 St. Leonhard im Pitztal, Österreich",
        "query_used": "Riffelseehütte Austria",
        "reservation_url": "https://www.hut-reservation.org/reservation/book-hut/171/wizard",
        "website": "https://www.riffelseehuette.at/"
      },
      "geometry": {
        "type": "Point",
        "coordinates": [
          10.8575,
          46.96112
        ]
      }
    },
    {
      "type": "Feature",
      "properties": {
        "hut_id": "rotguldensee-hutte-at",
        "hut": "Rotgüldensee-Hütte, AT",
        "name": "Rotgüldensee-Hütte",
        "country": "AT",
        "geocode_status": "OK",
        "formatted_address": "Hintermuhr 26, 5583 Hintermuhr, Österreich",
        "query_used": "Rotgüldensee-Hütte Austria",
        "reservation_url": "https://www.hut-reservation.org/reservation/book-hut/662/wizard",
        "website": "https://www.rogsi.at/"
      },
      "geometry": {
        "type": "Point",
        "coordinates": [
          13.4119,
          47.1012
        ]
      }
    },
    {
      "type": "Feature",
      "properties": {
        "hut_id": "russelsheimer-hutte-at",
        "hut": "Rüsselsheimer Hütte, AT",
        "name": "Rüsselsheimer Hütte",
        "country": "AT",
        "geocode_status": "OK",
        "formatted_address": "6481, Österreich",
        "query_used": "Rüsselsheimer Hütte Austria",
        "reservation_url": "https://www.hut-reservation.org/reservation/book-hut/115/wizard",
        "website": "https://www.ruesselsheimer-huette.de/"
      },
      "geometry": {
        "type": "Point",
        "coordinates": [
          10.888199,
          46.994137
        ]
      }
    },
    {
      "type": "Feature",
      "properties": {
        "hut_id": "saarbrucker-hutte-at",
        "hut": "Saarbrücker Hütte, AT",
        "name": "Saarbrücker Hütte",
        "country": "AT",
        "geocode_status": "OK",
        "formatted_address": "Kromertal 86A, 6794 Partenen, Österreich",
        "query_used": "Saarbrücker Hütte Austria",
        "reservation_url": "https://www.hut-reservation.org/reservation/book-hut/309/wizard",
        "website": "https://www.saarbrueckerhuette.com/"
      },
      "geometry": {
        "type": "Point",
        "coordinates": [
          10.03605,
          46.89845
        ]
      }
    },
    {
      "type": "Feature",
      "properties": {
        "hut_id": "salm-hutte-at",
        "hut": "Salm-Hütte, AT",
        "name": "Salm-Hütte",
        "country": "AT",
        "geocode_status": "OK",
        "formatted_address": "Winkl 44, 9844 Winkl, Österreich",
        "query_used": "Salm-Hütte Austria",
        "reservation_url": "https://www.hut-reservation.org/reservation/book-hut/159/wizard",
        "website": "http://www.alpenverein.at/salmhuette/"
      },
      "geometry": {
        "type": "Point",
        "coordinates": [
          12.720417,
          47.046972
        ]
      }
    },
    {
      "type": "Feature",
      "properties": {
        "hut_id": "sarotla-hutte-at",
        "hut": "Sarotla-Hütte, AT",
        "name": "Sarotla-Hütte",
        "country": "AT",
        "geocode_status": "OK",
        "formatted_address": "Sarotla 1, 6706 Bürs, Österreich",
        "query_used": "Sarotla-Hütte Austria",
        "reservation_url": "https://www.hut-reservation.org/reservation/book-hut/88/wizard",
        "website": "http://www.sarotlahuette.at/"
      },
      "geometry": {
        "type": "Point",
        "coordinates": [
          9.787181,
          47.104134
        ]
      }
    },
    {
      "type": "Feature",
      "properties": {
        "hut_id": "schneealpen-haus-at",
        "hut": "Schneealpen-Haus, AT",
        "name": "Schneealpen-Haus",
        "country": "AT",
        "geocode_status": "OK",
        "formatted_address": "Altenberg 87, 8691 Altenberg an der Rax, Österreich",
        "query_used": "Schneealpen-Haus Austria",
        "reservation_url": "https://www.hut-reservation.org/reservation/book-hut/353/wizard",
        "website": "http://www.schneealpe.com/"
      },
      "geometry": {
        "type": "Point",
        "coordinates": [
          15.609628,
          47.696318
        ]
      }
    },
    {
      "type": "Feature",
      "properties": {
        "hut_id": "schwarzwasserhutte-at",
        "hut": "Schwarzwasserhütte, AT",
        "name": "Schwarzwasserhütte",
        "country": "AT",
        "geocode_status": "OK",
        "formatted_address": "Schwarzwasserhütte 1, 6992 Hirschegg, Österreich",
        "query_used": "Schwarzwasserhütte Austria",
        "reservation_url": "https://www.hut-reservation.org/reservation/book-hut/189/wizard",
        "website": "https://www.schwarzwasserhuette.com/"
      },
      "geometry": {
        "type": "Point",
        "coordinates": [
          10.087352,
          47.331169
        ]
      }
    },
    {
      "type": "Feature",
      "properties": {
        "hut_id": "seethalerhutte-at",
        "hut": "Seethalerhütte, AT",
        "name": "Seethalerhütte",
        "country": "AT",
        "geocode_status": "OK",
        "formatted_address": "Winkl 18, 4831 Obertraun, Österreich",
        "query_used": "Seethalerhütte Austria",
        "reservation_url": "https://www.hut-reservation.org/reservation/book-hut/261/wizard",
        "website": "https://hut-reservation.notion.site/Support-130c866368c381929387de2833b04288"
      },
      "geometry": {
        "type": "Point",
        "coordinates": [
          13.612779,
          47.473614
        ]
      }
    },
    {
      "type": "Feature",
      "properties": {
        "hut_id": "siegerlandhutte-at",
        "hut": "Siegerlandhütte, AT",
        "name": "Siegerlandhütte",
        "country": "AT",
        "geocode_status": "OK",
        "formatted_address": "Hütten 203, 6450, Österreich",
        "query_used": "Siegerlandhütte Austria",
        "reservation_url": "https://www.hut-reservation.org/reservation/book-hut/705/wizard",
        "website": "https://www.siegerlandhuette.at/"
      },
      "geometry": {
        "type": "Point",
        "coordinates": [
          11.14778,
          46.94083
        ]
      }
    },
    {
      "type": "Feature",
      "properties": {
        "hut_id": "sillianer-hutte-at",
        "hut": "Sillianer Hütte, AT",
        "name": "Sillianer Hütte",
        "country": "AT",
        "geocode_status": "OK",
        "formatted_address": "9920 Sillian, Österreich",
        "query_used": "Sillianer Hütte Austria",
        "reservation_url": "https://www.hut-reservation.org/reservation/book-hut/466/wizard",
        "website": "https://hut-reservation.notion.site/Support-130c866368c381929387de2833b04288"
      },
      "geometry": {
        "type": "Point",
        "coordinates": [
          12.406326,
          46.705993
        ]
      }
    },
    {
      "type": "Feature",
      "properties": {
        "hut_id": "simony-hutte-at",
        "hut": "Simony-Hütte, AT",
        "name": "Simony-Hütte",
        "country": "AT",
        "geocode_status": "OK",
        "formatted_address": "4830 Hallstatt, Österreich",
        "query_used": "Simony-Hütte Austria",
        "reservation_url": "https://www.hut-reservation.org/reservation/book-hut/219/wizard",
        "website": "http://www.simonyhuette.com/home.html"
      },
      "geometry": {
        "type": "Point",
        "coordinates": [
          13.62,
          47.5
        ]
      }
    },
    {
      "type": "Feature",
      "properties": {
        "hut_id": "solstein-haus-at",
        "hut": "Solstein-Haus, AT",
        "name": "Solstein-Haus",
        "country": "AT",
        "geocode_status": "OK",
        "formatted_address": "6170 Zirl, Österreich",
        "query_used": "Solstein-Haus Austria",
        "reservation_url": "https://www.hut-reservation.org/reservation/book-hut/714/wizard",
        "website": "https://www.solsteinhaus.at/"
      },
      "geometry": {
        "type": "Point",
        "coordinates": [
          11.288141,
          47.308092
        ]
      }
    },
    {
      "type": "Feature",
      "properties": {
        "hut_id": "sonnschienhutte-at",
        "hut": "Sonnschienhütte, AT",
        "name": "Sonnschienhütte",
        "country": "AT",
        "geocode_status": "OK",
        "formatted_address": "Schattenberg 105, 8612 St. Katharein an der Laming, Österreich",
        "query_used": "Sonnschienhütte Austria",
        "reservation_url": "https://www.hut-reservation.org/reservation/book-hut/469/wizard",
        "website": "https://hut-reservation.notion.site/Support-130c866368c381929387de2833b04288"
      },
      "geometry": {
        "type": "Point",
        "coordinates": [
          15.039,
          47.5866
        ]
      }
    },
    {
      "type": "Feature",
      "properties": {
        "hut_id": "spitzsteinhaus-at",
        "hut": "Spitzsteinhaus, AT",
        "name": "Spitzsteinhaus",
        "country": "AT",
        "geocode_status": "OK",
        "formatted_address": "Alm 47, 6343 Erl, Österreich",
        "query_used": "Spitzsteinhaus Austria",
        "reservation_url": "https://www.hut-reservation.org/reservation/book-hut/57/wizard",
        "website": "http://www.spitzsteinhaus.de/"
      },
      "geometry": {
        "type": "Point",
        "coordinates": [
          12.24388,
          47.70463
        ]
      }
    },
    {
      "type": "Feature",
      "properties": {
        "hut_id": "starkenburger-hutte-at",
        "hut": "Starkenburger Hütte, AT",
        "name": "Starkenburger Hütte",
        "country": "AT",
        "geocode_status": "OK",
        "formatted_address": "Starkenburger Hütte 250, 6167 Neustift im Stubaital, Österreich",
        "query_used": "Starkenburger Hütte Austria",
        "reservation_url": "https://www.hut-reservation.org/reservation/book-hut/693/wizard",
        "website": "https://www.alpenverein-darmstadt.de/huetten/starkenburgerhuette"
      },
      "geometry": {
        "type": "Point",
        "coordinates": [
          11.279444,
          47.126944
        ]
      }
    },
    {
      "type": "Feature",
      "properties": {
        "hut_id": "steinsee-hutte-at",
        "hut": "Steinsee-Hütte, AT",
        "name": "Steinsee-Hütte",
        "country": "AT",
        "geocode_status": "OK",
        "formatted_address": "Gemeindegebiet, 6511 Zams, Österreich",
        "query_used": "Steinsee-Hütte Austria",
        "reservation_url": "NA",
        "website": "NA"
      },
      "geometry": {
        "type": "Point",
        "coordinates": [
          10.587251,
          47.226122
        ]
      }
    },
    {
      "type": "Feature",
      "properties": {
        "hut_id": "stickler-hutte-at",
        "hut": "Stickler-Hütte, AT",
        "name": "Stickler-Hütte",
        "country": "AT",
        "geocode_status": "OK",
        "formatted_address": "Hintermuhr 38, 5583 Hintermuhr, Österreich",
        "query_used": "Stickler-Hütte Austria",
        "reservation_url": "https://www.hut-reservation.org/reservation/book-hut/691/wizard",
        "website": "https://www.sticklerhuette.at/"
      },
      "geometry": {
        "type": "Point",
        "coordinates": [
          13.378154,
          47.148372
        ]
      }
    },
    {
      "type": "Feature",
      "properties": {
        "hut_id": "straubinger-haus-at",
        "hut": "Straubinger Haus, AT",
        "name": "Straubinger Haus",
        "country": "AT",
        "geocode_status": "OK",
        "formatted_address": "Eggenalm 1, 6345 Kössen, Österreich",
        "query_used": "Straubinger Haus Austria",
        "reservation_url": "https://www.hut-reservation.org/reservation/book-hut/200/wizard",
        "website": "https://www.straubingerhaus.at/"
      },
      "geometry": {
        "type": "Point",
        "coordinates": [
          12.499493,
          47.620128
        ]
      }
    },
    {
      "type": "Feature",
      "properties": {
        "hut_id": "stripsenjoch-haus-at",
        "hut": "Stripsenjoch-Haus, AT",
        "name": "Stripsenjoch-Haus",
        "country": "AT",
        "geocode_status": "OK",
        "formatted_address": "Stripsenjoch, 6344 Walchsee, Österreich",
        "query_used": "Stripsenjoch-Haus Austria",
        "reservation_url": "https://www.hut-reservation.org/reservation/book-hut/184/wizard",
        "website": "http://www.stripsenjoch.at/"
      },
      "geometry": {
        "type": "Point",
        "coordinates": [
          12.18,
          47.34
        ]
      }
    },
    {
      "type": "Feature",
      "properties": {
        "hut_id": "stuttgarter-hutte-at",
        "hut": "Stuttgarter Hütte, AT",
        "name": "Stuttgarter Hütte",
        "country": "AT",
        "geocode_status": "OK",
        "formatted_address": "Steeg 415, 6655 Steeg, Österreich",
        "query_used": "Stuttgarter Hütte Austria",
        "reservation_url": "https://www.hut-reservation.org/reservation/book-hut/192/wizard",
        "website": "https://www.alpenverein-schwaben.de/huetten/stuttgarter-huette/"
      },
      "geometry": {
        "type": "Point",
        "coordinates": [
          10.2046,
          47.18041
        ]
      }
    },
    {
      "type": "Feature",
      "properties": {
        "hut_id": "studlhutte-at",
        "hut": "Stüdlhütte, AT",
        "name": "Stüdlhütte",
        "country": "AT",
        "geocode_status": "OK",
        "formatted_address": "9981, Österreich",
        "query_used": "Stüdlhütte Austria",
        "reservation_url": "https://www.hut-reservation.org/reservation/book-hut/220/wizard",
        "website": "https://www.alpenverein-muenchen-oberland.de/huetten/alpenvereinshuetten/stuedlhuette"
      },
      "geometry": {
        "type": "Point",
        "coordinates": [
          12.68159,
          47.05494
        ]
      }
    },
    {
      "type": "Feature",
      "properties": {
        "hut_id": "sudetendeutsche-hutte-at",
        "hut": "Sudetendeutsche Hütte, AT",
        "name": "Sudetendeutsche Hütte",
        "country": "AT",
        "geocode_status": "OK",
        "formatted_address": "9971 Matrei in Osttirol, Österreich",
        "query_used": "Sudetendeutsche Hütte Austria",
        "reservation_url": "https://www.hut-reservation.org/reservation/book-hut/190/wizard",
        "website": "https://www.sudetendeutschehuette.com/"
      },
      "geometry": {
        "type": "Point",
        "coordinates": [
          12.576295,
          47.049352
        ]
      }
    },
    {
      "type": "Feature",
      "properties": {
        "hut_id": "sulzenauhutte-at",
        "hut": "Sulzenauhütte, AT",
        "name": "Sulzenauhütte",
        "country": "AT",
        "geocode_status": "OK",
        "formatted_address": "260, 6167 Neustift im Stubaital, Österreich",
        "query_used": "Sulzenauhütte Austria",
        "reservation_url": "https://www.hut-reservation.org/reservation/book-hut/648/wizard",
        "website": "https://www.sulzenauhuette.at/"
      },
      "geometry": {
        "type": "Point",
        "coordinates": [
          11.181911,
          46.99592
        ]
      }
    },
    {
      "type": "Feature",
      "properties": {
        "hut_id": "solden-hutte-at",
        "hut": "Sölden-Hütte, AT",
        "name": "Sölden-Hütte",
        "country": "AT",
        "geocode_status": "OK",
        "formatted_address": "Weng 63, 5453 Weng, Österreich",
        "query_used": "Sölden-Hütte Austria",
        "reservation_url": "https://www.hut-reservation.org/reservation/book-hut/294/wizard",
        "website": "http://www.soeldenhuette.at/"
      },
      "geometry": {
        "type": "Point",
        "coordinates": [
          13.290367,
          47.484067
        ]
      }
    },
    {
      "type": "Feature",
      "properties": {
        "hut_id": "talherberge-zwieselstein-at",
        "hut": "Talherberge Zwieselstein, AT",
        "name": "Talherberge Zwieselstein",
        "country": "AT",
        "geocode_status": "OK",
        "formatted_address": "6450 Zwieselstein, Österreich",
        "query_used": "Talherberge Zwieselstein Austria",
        "reservation_url": "https://www.hut-reservation.org/reservation/book-hut/495/wizard",
        "website": "https://www.alpenverein-regensburg.de/huetten/huetten-der-sektion/talherberge-zwieselstein"
      },
      "geometry": {
        "type": "Point",
        "coordinates": [
          11.027146,
          46.939372
        ]
      }
    },
    {
      "type": "Feature",
      "properties": {
        "hut_id": "tannheimer-hutte-at",
        "hut": "Tannheimer Hütte, AT",
        "name": "Tannheimer Hütte",
        "country": "AT",
        "geocode_status": "OK",
        "formatted_address": "47, 49582539772841 10/6196282241134, 6672 Nesselwängle, Österreich",
        "query_used": "Tannheimer Hütte Austria",
        "reservation_url": "https://www.hut-reservation.org/reservation/book-hut/676/wizard",
        "website": "https://www.tannheimer-huette.at/"
      },
      "geometry": {
        "type": "Point",
        "coordinates": [
          10.61,
          47.49
        ]
      }
    },
    {
      "type": "Feature",
      "properties": {
        "hut_id": "taschachhaus-at",
        "hut": "Taschachhaus, AT",
        "name": "Taschachhaus",
        "country": "AT",
        "geocode_status": "OK",
        "formatted_address": "Mittelberg 31, 6481 Mittelberg, Österreich",
        "query_used": "Taschachhaus Austria",
        "reservation_url": "https://www.hut-reservation.org/reservation/book-hut/231/wizard",
        "website": "https://www.taschachhaus.de/"
      },
      "geometry": {
        "type": "Point",
        "coordinates": [
          10.8176,
          46.90985
        ]
      }
    },
    {
      "type": "Feature",
      "properties": {
        "hut_id": "testhutte-carolin-at",
        "hut": "Testhütte Carolin, AT",
        "name": "Testhütte Carolin",
        "country": "AT",
        "geocode_status": "OK",
        "formatted_address": "Österreich",
        "query_used": "Testhütte Carolin Austria",
        "reservation_url": "https://www.hut-reservation.org/reservation/book-hut/587/wizard",
        "website": "https://hut-reservation.notion.site/Support-130c866368c381929387de2833b04288"
      },
      "geometry": {
        "type": "Point",
        "coordinates": [
          14.550072,
          47.516231
        ]
      }
    },
    {
      "type": "Feature",
      "properties": {
        "hut_id": "theodor-korner-hutte-at",
        "hut": "Theodor-Körner-Hütte, AT",
        "name": "Theodor-Körner-Hütte",
        "country": "AT",
        "geocode_status": "OK",
        "formatted_address": "Steuer 31, 5524 Annaberg im Lammertal, Österreich",
        "query_used": "Theodor-Körner-Hütte Austria",
        "reservation_url": "https://www.hut-reservation.org/reservation/book-hut/403/wizard",
        "website": "https://koerner-huette.at/"
      },
      "geometry": {
        "type": "Point",
        "coordinates": [
          13.4783,
          47.5055
        ]
      }
    },
    {
      "type": "Feature",
      "properties": {
        "hut_id": "tilisuna-hutte-at",
        "hut": "Tilisuna-Hütte, AT",
        "name": "Tilisuna-Hütte",
        "country": "AT",
        "geocode_status": "OK",
        "formatted_address": "Tilisunaweg 12, 6774 Tschagguns, Österreich",
        "query_used": "Tilisuna-Hütte Austria",
        "reservation_url": "https://www.hut-reservation.org/reservation/book-hut/91/wizard",
        "website": "http://www.tilisuna-huette.at/"
      },
      "geometry": {
        "type": "Point",
        "coordinates": [
          9.87261,
          47.024591
        ]
      }
    },
    {
      "type": "Feature",
      "properties": {
        "hut_id": "totalp-hutte-at",
        "hut": "Totalp-Hütte, AT",
        "name": "Totalp-Hütte",
        "country": "AT",
        "geocode_status": "OK",
        "formatted_address": "Untersteinstraße 5, 6700 Bludenz, Österreich",
        "query_used": "Totalp-Hütte Austria",
        "reservation_url": "https://www.hut-reservation.org/reservation/book-hut/92/wizard",
        "website": "http://www.totalp.at/"
      },
      "geometry": {
        "type": "Point",
        "coordinates": [
          9.727139,
          47.052701
        ]
      }
    },
    {
      "type": "Feature",
      "properties": {
        "hut_id": "tolzer-hutte-am-schafreuter-at",
        "hut": "Tölzer Hütte am Schafreuter, AT",
        "name": "Tölzer Hütte am Schafreuter",
        "country": "AT",
        "geocode_status": "OK",
        "formatted_address": "Eben 1, 6215 Hinterriß, Österreich",
        "query_used": "Tölzer Hütte am Schafreuter Austria",
        "reservation_url": "https://www.hut-reservation.org/reservation/book-hut/163/wizard",
        "website": "https://www.toelzer-huette.at/"
      },
      "geometry": {
        "type": "Point",
        "coordinates": [
          11.491381,
          47.505092
        ]
      }
    },
    {
      "type": "Feature",
      "properties": {
        "hut_id": "tubinger-hutte-at",
        "hut": "Tübinger Hütte, AT",
        "name": "Tübinger Hütte",
        "country": "AT",
        "geocode_status": "OK",
        "formatted_address": "Garnerastraße 222, 6794 Gaschurn, Österreich",
        "query_used": "Tübinger Hütte Austria",
        "reservation_url": "https://www.hut-reservation.org/reservation/book-hut/236/wizard",
        "website": "https://www.tuebinger-huette.de/"
      },
      "geometry": {
        "type": "Point",
        "coordinates": [
          10.003486,
          46.911669
        ]
      }
    },
    {
      "type": "Feature",
      "properties": {
        "hut_id": "valentinalm-at",
        "hut": "Valentinalm, AT",
        "name": "Valentinalm",
        "country": "AT",
        "geocode_status": "OK",
        "formatted_address": "Plöcken 6, 9640 Kötschach-Mauthen, Österreich",
        "query_used": "Valentinalm Austria",
        "reservation_url": "https://www.hut-reservation.org/reservation/book-hut/396/wizard",
        "website": "https://www.valentinalm.at/"
      },
      "geometry": {
        "type": "Point",
        "coordinates": [
          13.0097,
          46.6816
        ]
      }
    },
    {
      "type": "Feature",
      "properties": {
        "hut_id": "vernagthutte-at",
        "hut": "Vernagthütte, AT",
        "name": "Vernagthütte",
        "country": "AT",
        "geocode_status": "OK",
        "formatted_address": "6458, Österreich",
        "query_used": "Vernagthütte Austria",
        "reservation_url": "https://www.hut-reservation.org/reservation/book-hut/238/wizard",
        "website": "http://www.vernagthuette.de/"
      },
      "geometry": {
        "type": "Point",
        "coordinates": [
          10.823889,
          46.853611
        ]
      }
    },
    {
      "type": "Feature",
      "properties": {
        "hut_id": "voisthaler-hutte-at",
        "hut": "Voisthaler-Hütte, AT",
        "name": "Voisthaler-Hütte",
        "country": "AT",
        "geocode_status": "OK",
        "formatted_address": "Fölz 75, 8621 Thörl, Österreich",
        "query_used": "Voisthaler-Hütte Austria",
        "reservation_url": "NA",
        "website": "NA"
      },
      "geometry": {
        "type": "Point",
        "coordinates": [
          15.180726,
          47.612553
        ]
      }
    },
    {
      "type": "Feature",
      "properties": {
        "hut_id": "wangenitzsee-hutte-at",
        "hut": "Wangenitzsee-Hütte, AT",
        "name": "Wangenitzsee-Hütte",
        "country": "AT",
        "geocode_status": "OK",
        "formatted_address": "Mörtschach 3, 9842 Mörtschach, Österreich",
        "query_used": "Wangenitzsee-Hütte Austria",
        "reservation_url": "https://www.hut-reservation.org/reservation/book-hut/683/wizard",
        "website": "https://www.wangenitzseehuette.at/"
      },
      "geometry": {
        "type": "Point",
        "coordinates": [
          12.79967,
          46.9306
        ]
      }
    },
    {
      "type": "Feature",
      "properties": {
        "hut_id": "weidener-hutte-at",
        "hut": "Weidener Hütte, AT",
        "name": "Weidener Hütte",
        "country": "AT",
        "geocode_status": "OK",
        "formatted_address": "Nafingalm 10, 6133 Weerberg, Österreich",
        "query_used": "Weidener Hütte Austria",
        "reservation_url": "https://www.hut-reservation.org/reservation/book-hut/216/wizard",
        "website": "https://www.weidener-huette.at/"
      },
      "geometry": {
        "type": "Point",
        "coordinates": [
          11.708977,
          47.223772
        ]
      }
    },
    {
      "type": "Feature",
      "properties": {
        "hut_id": "welser-hutte-at",
        "hut": "Welser Hütte, AT",
        "name": "Welser Hütte",
        "country": "AT",
        "geocode_status": "OK",
        "formatted_address": "Hetzau 9, 4645 Grünau im Almtal, Österreich",
        "query_used": "Welser Hütte Austria",
        "reservation_url": "https://www.hut-reservation.org/reservation/book-hut/508/wizard",
        "website": "https://www.welserhuette-gruenau.com/"
      },
      "geometry": {
        "type": "Point",
        "coordinates": [
          14.049,
          47.723
        ]
      }
    },
    {
      "type": "Feature",
      "properties": {
        "hut_id": "westfalenhaus-at",
        "hut": "Westfalenhaus, AT",
        "name": "Westfalenhaus",
        "country": "AT",
        "geocode_status": "OK",
        "formatted_address": "Lüsens 5c, 6184 St. Sigmund im Sellrain, Österreich",
        "query_used": "Westfalenhaus Austria",
        "reservation_url": "https://www.hut-reservation.org/reservation/book-hut/541/wizard",
        "website": "https://www.westfalenhaus.at/"
      },
      "geometry": {
        "type": "Point",
        "coordinates": [
          11.100111,
          47.107917
        ]
      }
    },
    {
      "type": "Feature",
      "properties": {
        "hut_id": "wetterkogler-haus-at",
        "hut": "Wetterkogler-Haus, AT",
        "name": "Wetterkogler-Haus",
        "country": "AT",
        "geocode_status": "OK",
        "formatted_address": "Neustift am Alpenwalde 34, 2870 Aspangberg St. Peter, Österreich",
        "query_used": "Wetterkogler-Haus Austria",
        "reservation_url": "https://www.hut-reservation.org/reservation/book-hut/434/wizard",
        "website": "https://www.alpenverein.at/wetterkoglerhaus/"
      },
      "geometry": {
        "type": "Point",
        "coordinates": [
          15.914399,
          47.53041
        ]
      }
    },
    {
      "type": "Feature",
      "properties": {
        "hut_id": "wiesbadener-hutte-at",
        "hut": "Wiesbadener Hütte, AT",
        "name": "Wiesbadener Hütte",
        "country": "AT",
        "geocode_status": "OK",
        "formatted_address": "Ochsental 89a, 6794 Partenen, Österreich",
        "query_used": "Wiesbadener Hütte Austria",
        "reservation_url": "https://www.hut-reservation.org/reservation/book-hut/234/wizard",
        "website": "http://www.wiesbadener-huette.com/"
      },
      "geometry": {
        "type": "Point",
        "coordinates": [
          10.1161,
          46.8684
        ]
      }
    },
    {
      "type": "Feature",
      "properties": {
        "hut_id": "wolayersee-hutte-at",
        "hut": "Wolayersee-Hütte, AT",
        "name": "Wolayersee-Hütte",
        "country": "AT",
        "geocode_status": "OK",
        "formatted_address": "9652 Birnbaum, Österreich",
        "query_used": "Wolayersee-Hütte Austria",
        "reservation_url": "https://www.hut-reservation.org/reservation/book-hut/267/wizard",
        "website": "https://www.wolayerseehuette-lesachtal.at/"
      },
      "geometry": {
        "type": "Point",
        "coordinates": [
          12.867,
          46.6124
        ]
      }
    },
    {
      "type": "Feature",
      "properties": {
        "hut_id": "wolfratshauser-hutte-at",
        "hut": "Wolfratshauser Hütte, AT",
        "name": "Wolfratshauser Hütte",
        "country": "AT",
        "geocode_status": "OK",
        "formatted_address": "Wolfratshauser Hutte, 6631 Lermoos, Österreich",
        "query_used": "Wolfratshauser Hütte Austria",
        "reservation_url": "https://www.hut-reservation.org/reservation/book-hut/372/wizard",
        "website": "https://www.wolfratshauserhuette.at/"
      },
      "geometry": {
        "type": "Point",
        "coordinates": [
          10.84861,
          47.39111
        ]
      }
    },
    {
      "type": "Feature",
      "properties": {
        "hut_id": "wormser-hutte-at",
        "hut": "Wormser Hütte, AT",
        "name": "Wormser Hütte",
        "country": "AT",
        "geocode_status": "OK",
        "formatted_address": "Kapellerweg 45, 6780 Schruns, Österreich",
        "query_used": "Wormser Hütte Austria",
        "reservation_url": "https://www.hut-reservation.org/reservation/book-hut/667/wizard",
        "website": "http://www.wormser-huette.at/"
      },
      "geometry": {
        "type": "Point",
        "coordinates": [
          9.974722,
          47.063889
        ]
      }
    },
    {
      "type": "Feature",
      "properties": {
        "hut_id": "wurttembergerhaus-at",
        "hut": "Württembergerhaus, AT",
        "name": "Württembergerhaus",
        "country": "AT",
        "geocode_status": "OK",
        "formatted_address": "HNr 15, 6511 Zams, Österreich",
        "query_used": "Württembergerhaus Austria",
        "reservation_url": "https://www.hut-reservation.org/reservation/book-hut/298/wizard",
        "website": "https://www.wuerttemberger-haus.at/"
      },
      "geometry": {
        "type": "Point",
        "coordinates": [
          10.535555,
          47.210277
        ]
      }
    },
    {
      "type": "Feature",
      "properties": {
        "hut_id": "ybbstaler-hutte-at",
        "hut": "Ybbstaler-Hütte, AT",
        "name": "Ybbstaler-Hütte",
        "country": "AT",
        "geocode_status": "OK",
        "formatted_address": "Ybbssteinbach 42, 3345 Göstling an der Ybbs, Österreich",
        "query_used": "Ybbstaler-Hütte Austria",
        "reservation_url": "https://www.hut-reservation.org/reservation/book-hut/253/wizard",
        "website": "https://www.ybbstalerhuette.at/"
      },
      "geometry": {
        "type": "Point",
        "coordinates": [
          15.025475,
          47.80724
        ]
      }
    },
    {
      "type": "Feature",
      "properties": {
        "hut_id": "zeller-hutte-at",
        "hut": "Zeller-Hütte, AT",
        "name": "Zeller-Hütte",
        "country": "AT",
        "geocode_status": "OK",
        "formatted_address": "Walchegg 39, 4574 Vorderstoder, Österreich",
        "query_used": "Zeller-Hütte Austria",
        "reservation_url": "https://www.hut-reservation.org/reservation/book-hut/211/wizard",
        "website": "http://www.zellerhuette.at/"
      },
      "geometry": {
        "type": "Point",
        "coordinates": [
          14.226,
          47.678
        ]
      }
    },
    {
      "type": "Feature",
      "properties": {
        "hut_id": "zeppezauer-haus-at",
        "hut": "Zeppezauer-Haus, AT",
        "name": "Zeppezauer-Haus",
        "country": "AT",
        "geocode_status": "OK",
        "formatted_address": "496/3,, Zeppezauerhaus, 5082, Österreich",
        "query_used": "Zeppezauer-Haus Austria",
        "reservation_url": "https://www.hut-reservation.org/reservation/book-hut/295/wizard",
        "website": "https://www.zeppezauerhaus.at/"
      },
      "geometry": {
        "type": "Point",
        "coordinates": [
          13.007448,
          47.724573
        ]
      }
    },
    {
      "type": "Feature",
      "properties": {
        "hut_id": "zittauer-hutte-at",
        "hut": "Zittauer Hütte, AT",
        "name": "Zittauer Hütte",
        "country": "AT",
        "geocode_status": "OK",
        "formatted_address": "5743 Krimml, Österreich",
        "query_used": "Zittauer Hütte Austria",
        "reservation_url": "https://www.hut-reservation.org/reservation/book-hut/266/wizard",
        "website": "https://www.zittauerhuette.at/"
      },
      "geometry": {
        "type": "Point",
        "coordinates": [
          12.124178,
          47.163473
        ]
      }
    },
    {
      "type": "Feature",
      "properties": {
        "hut_id": "zittel-haus-at",
        "hut": "Zittel-Haus, AT",
        "name": "Zittel-Haus",
        "country": "AT",
        "geocode_status": "OK",
        "formatted_address": "Kolmstrasse 100, 5661 Bucheben, Österreich",
        "query_used": "Zittel-Haus Austria",
        "reservation_url": "https://www.hut-reservation.org/reservation/book-hut/695/wizard",
        "website": "https://www.zittelhaus.at/"
      },
      "geometry": {
        "type": "Point",
        "coordinates": [
          12.957,
          47.054
        ]
      }
    },
    {
      "type": "Feature",
      "properties": {
        "hut_id": "zollnersee-hutte-at",
        "hut": "Zollnersee-Hütte, AT",
        "name": "Zollnersee-Hütte",
        "country": "AT",
        "geocode_status": "OK",
        "formatted_address": "Am Zollner 6, 9635 Dellach, Österreich",
        "query_used": "Zollnersee-Hütte Austria",
        "reservation_url": "https://www.hut-reservation.org/reservation/book-hut/109/wizard",
        "website": "http://zollnerseehuette.oeav-obergailtal.at/"
      },
      "geometry": {
        "type": "Point",
        "coordinates": [
          13.07,
          46.605
        ]
      }
    },
    {
      "type": "Feature",
      "properties": {
        "hut_id": "von-schmidt-zabierow-hutte-at",
        "hut": "von-Schmidt-Zabierow-Hütte, AT",
        "name": "von-Schmidt-Zabierow-Hütte",
        "country": "AT",
        "geocode_status": "OK",
        "formatted_address": "Lofer 162, 5090 Lofer, Österreich",
        "query_used": "von-Schmidt-Zabierow-Hütte Austria",
        "reservation_url": "https://www.hut-reservation.org/reservation/book-hut/724/wizard",
        "website": "http://www.schmidt-zabierow.at/"
      },
      "geometry": {
        "type": "Point",
        "coordinates": [
          12.65,
          47.55
        ]
      }
    },
    {
      "type": "Feature",
      "properties": {
        "hut_id": "aarbiwak-sac-ch",
        "hut": "Aarbiwak SAC, CH",
        "name": "Aarbiwak SAC",
        "country": "CH",
        "geocode_status": "OK",
        "formatted_address": "3864 Guttannen, Schweiz",
        "query_used": "Aarbiwak SAC Switzerland",
        "reservation_url": "https://www.hut-reservation.org/reservation/book-hut/603/wizard",
        "website": "https://www.sac-pilatus.ch/aarbiwak.html"
      },
      "geometry": {
        "type": "Point",
        "coordinates": [
          8.1522,
          46.5555
        ]
      }
    },
    {
      "type": "Feature",
      "properties": {
        "hut_id": "aclas-dafora-ch",
        "hut": "Aclas Dafora, CH",
        "name": "Aclas Dafora",
        "country": "CH",
        "geocode_status": "OK",
        "formatted_address": "Aclas Dafora, 7492 Albula/Alvra, Schweiz",
        "query_used": "Aclas Dafora Switzerland",
        "reservation_url": "https://www.hut-reservation.org/reservation/book-hut/728/wizard",
        "website": "https://www.aclas-dafora.ch/"
      },
      "geometry": {
        "type": "Point",
        "coordinates": [
          9.638081,
          46.695155
        ]
      }
    },
    {
      "type": "Feature",
      "properties": {
        "hut_id": "agroturissem-alp-d-err-ch",
        "hut": "Agroturissem Alp d'Err, CH",
        "name": "Agroturissem Alp d'Err",
        "country": "CH",
        "geocode_status": "OK",
        "formatted_address": "Schweiz",
        "query_used": "Agroturissem Alp d'Err Switzerland",
        "reservation_url": "https://www.hut-reservation.org/reservation/book-hut/550/wizard",
        "website": "https://hut-reservation.notion.site/Support-130c866368c381929387de2833b04288"
      },
      "geometry": {
        "type": "Point",
        "coordinates": [
          9.692372,
          46.571345
        ]
      }
    },
    {
      "type": "Feature",
      "properties": {
        "hut_id": "albert-heim-hutte-sac-ch",
        "hut": "Albert-Heim-Hütte SAC, CH",
        "name": "Albert-Heim-Hütte SAC",
        "country": "CH",
        "geocode_status": "OK",
        "formatted_address": "6491 Realp, Schweiz",
        "query_used": "Albert-Heim-Hütte SAC Switzerland",
        "reservation_url": "https://www.hut-reservation.org/reservation/book-hut/710/wizard",
        "website": "https://www.albertheimhuette.ch/"
      },
      "geometry": {
        "type": "Point",
        "coordinates": [
          8.46355,
          46.6089
        ]
      }
    },
    {
      "type": "Feature",
      "properties": {
        "hut_id": "almagellerhutte-sac-ch",
        "hut": "Almagellerhütte SAC, CH",
        "name": "Almagellerhütte SAC",
        "country": "CH",
        "geocode_status": "OK",
        "formatted_address": "Hugo Anthamatten, 3905 Saas-Almagell, Schweiz",
        "query_used": "Almagellerhütte SAC Switzerland",
        "reservation_url": "https://www.hut-reservation.org/reservation/book-hut/208/wizard",
        "website": "https://almagellerhuette.ch/de/"
      },
      "geometry": {
        "type": "Point",
        "coordinates": [
          8.007675,
          46.107616
        ]
      }
    },
    {
      "type": "Feature",
      "properties": {
        "hut_id": "alpe-rossiglion-ch",
        "hut": "Alpe Rossiglion, CH",
        "name": "Alpe Rossiglion",
        "country": "CH",
        "geocode_status": "OK",
        "formatted_address": "Schweiz",
        "query_used": "Alpe Rossiglion Switzerland",
        "reservation_url": "https://www.hut-reservation.org/reservation/book-hut/722/wizard",
        "website": "https://www.sentiero-calanca.ch/"
      },
      "geometry": {
        "type": "Point",
        "coordinates": [
          8.227511999999999,
          46.818188
        ]
      }
    },
    {
      "type": "Feature",
      "properties": {
        "hut_id": "alpwirtschaft-tanzboden-ch",
        "hut": "Alpwirtschaft Tanzboden, CH",
        "name": "Alpwirtschaft Tanzboden",
        "country": "CH",
        "geocode_status": "OK",
        "formatted_address": "Tanzboden, 8739 Rieden, Schweiz",
        "query_used": "Alpwirtschaft Tanzboden Switzerland",
        "reservation_url": "https://www.hut-reservation.org/reservation/book-hut/467/wizard",
        "website": "https://www.tanzboden-rieden.ch/"
      },
      "geometry": {
        "type": "Point",
        "coordinates": [
          9.1,
          47.22
        ]
      }
    },
    {
      "type": "Feature",
      "properties": {
        "hut_id": "antica-osteria-dazio-ch",
        "hut": "Antica Osteria Dazio, CH",
        "name": "Antica Osteria Dazio",
        "country": "CH",
        "geocode_status": "OK",
        "formatted_address": "Nucleo 5, 6696 Fusio, Schweiz",
        "query_used": "Antica Osteria Dazio Switzerland",
        "reservation_url": "https://www.hut-reservation.org/reservation/book-hut/657/wizard",
        "website": "https://www.osteriadazio.com/"
      },
      "geometry": {
        "type": "Point",
        "coordinates": [
          8.66209,
          46.44363
        ]
      }
    },
    {
      "type": "Feature",
      "properties": {
        "hut_id": "arbenbiwak-sac-ch",
        "hut": "Arbenbiwak SAC, CH",
        "name": "Arbenbiwak SAC",
        "country": "CH",
        "geocode_status": "OK",
        "formatted_address": "3920 Zermatt, Schweiz",
        "query_used": "Arbenbiwak SAC Switzerland",
        "reservation_url": "https://www.hut-reservation.org/reservation/book-hut/381/wizard",
        "website": "https://sac.zermatt.org/verein/arbenbiwak/"
      },
      "geometry": {
        "type": "Point",
        "coordinates": [
          7.665059,
          46.031364
        ]
      }
    },
    {
      "type": "Feature",
      "properties": {
        "hut_id": "badushutte-ch",
        "hut": "Badushütte, CH",
        "name": "Badushütte",
        "country": "CH",
        "geocode_status": "OK",
        "formatted_address": "7189 Tavetsch, Schweiz",
        "query_used": "Badushütte Switzerland",
        "reservation_url": "https://www.hut-reservation.org/reservation/book-hut/21/wizard",
        "website": "https://www.badushuette.ch/"
      },
      "geometry": {
        "type": "Point",
        "coordinates": [
          8.668352,
          46.636553
        ]
      }
    },
    {
      "type": "Feature",
      "properties": {
        "hut_id": "balmhornhutte-sac-ch",
        "hut": "Balmhornhütte SAC, CH",
        "name": "Balmhornhütte SAC",
        "country": "CH",
        "geocode_status": "OK",
        "formatted_address": "3718 Kandersteg, Schweiz",
        "query_used": "Balmhornhütte SAC Switzerland",
        "reservation_url": "https://www.hut-reservation.org/reservation/book-hut/579/wizard",
        "website": "http://www.balmhornhuette.ch/"
      },
      "geometry": {
        "type": "Point",
        "coordinates": [
          7.689617,
          46.451224
        ]
      }
    },
    {
      "type": "Feature",
      "properties": {
        "hut_id": "baltschiederklause-sac-ch",
        "hut": "Baltschiederklause SAC, CH",
        "name": "Baltschiederklause SAC",
        "country": "CH",
        "geocode_status": "OK",
        "formatted_address": "3937 Mund, Schweiz",
        "query_used": "Baltschiederklause SAC Switzerland",
        "reservation_url": "https://www.hut-reservation.org/reservation/book-hut/349/wizard",
        "website": "https://www.baltschiederklause.ch/"
      },
      "geometry": {
        "type": "Point",
        "coordinates": [
          7.889815,
          46.395051
        ]
      }
    },
    {
      "type": "Feature",
      "properties": {
        "hut_id": "base-camp-sac-uto-ch",
        "hut": "Base Camp SAC Uto, CH",
        "name": "Base Camp SAC Uto",
        "country": "CH",
        "geocode_status": "OK",
        "formatted_address": "Schweiz",
        "query_used": "Base Camp SAC Uto Switzerland",
        "reservation_url": "https://www.hut-reservation.org/reservation/book-hut/715/wizard",
        "website": "https://sac-uto.ch/"
      },
      "geometry": {
        "type": "Point",
        "coordinates": [
          8.542386,
          47.380688
        ]
      }
    },
    {
      "type": "Feature",
      "properties": {
        "hut_id": "berggasthaus-brusti-ch",
        "hut": "Berggasthaus Brüsti, CH",
        "name": "Berggasthaus Brüsti",
        "country": "CH",
        "geocode_status": "OK",
        "formatted_address": "Brüsti, 6468 Attinghausen, Schweiz",
        "query_used": "Berggasthaus Brüsti Switzerland",
        "reservation_url": "https://www.hut-reservation.org/reservation/book-hut/531/wizard",
        "website": "https://www.berggasthaus-brusti.com/"
      },
      "geometry": {
        "type": "Point",
        "coordinates": [
          8.60702,
          46.8432
        ]
      }
    },
    {
      "type": "Feature",
      "properties": {
        "hut_id": "berghaus-alpenrosli-ch",
        "hut": "Berghaus Alpenrösli, CH",
        "name": "Berghaus Alpenrösli",
        "country": "CH",
        "geocode_status": "OK",
        "formatted_address": "7246 Partnun, Schweiz",
        "query_used": "Berghaus Alpenrösli Switzerland",
        "reservation_url": "https://www.hut-reservation.org/reservation/book-hut/347/wizard",
        "website": "https://www.berghaus-alpenroesli.ch/"
      },
      "geometry": {
        "type": "Point",
        "coordinates": [
          9.857975,
          46.998249
        ]
      }
    },
    {
      "type": "Feature",
      "properties": {
        "hut_id": "berghaus-alpiglen-ch",
        "hut": "Berghaus Alpiglen, CH",
        "name": "Berghaus Alpiglen",
        "country": "CH",
        "geocode_status": "OK",
        "formatted_address": "Alpiglen, 3818 Grindelwald, Schweiz",
        "query_used": "Berghaus Alpiglen Switzerland",
        "reservation_url": "https://www.hut-reservation.org/reservation/book-hut/679/wizard",
        "website": "https://alpiglen.ch/index.php?page=home"
      },
      "geometry": {
        "type": "Point",
        "coordinates": [
          8.001995,
          46.600038
        ]
      }
    },
    {
      "type": "Feature",
      "properties": {
        "hut_id": "berghaus-baregg-ch",
        "hut": "Berghaus Bäregg, CH",
        "name": "Berghaus Bäregg",
        "country": "CH",
        "geocode_status": "OK",
        "formatted_address": "Berghaus Bäregg, 3818 Grindelwald, Schweiz",
        "query_used": "Berghaus Bäregg Switzerland",
        "reservation_url": "https://www.hut-reservation.org/reservation/book-hut/663/wizard",
        "website": "https://www.baeregg.com/"
      },
      "geometry": {
        "type": "Point",
        "coordinates": [
          8.060145,
          46.600492
        ]
      }
    },
    {
      "type": "Feature",
      "properties": {
        "hut_id": "berghaus-manndlenen-ch",
        "hut": "Berghaus Männdlenen, CH",
        "name": "Berghaus Männdlenen",
        "country": "CH",
        "geocode_status": "OK",
        "formatted_address": "Schweiz",
        "query_used": "Berghaus Männdlenen Switzerland",
        "reservation_url": "https://www.hut-reservation.org/reservation/book-hut/52/wizard",
        "website": "https://www.berghaus-maenndlenen.ch/"
      },
      "geometry": {
        "type": "Point",
        "coordinates": [
          7.96,
          46.66
        ]
      }
    },
    {
      "type": "Feature",
      "properties": {
        "hut_id": "berghutte-hohsaas-ch",
        "hut": "Berghütte Hohsaas, CH",
        "name": "Berghütte Hohsaas",
        "country": "CH",
        "geocode_status": "OK",
        "formatted_address": "Hohsaas, 3910 Saas-Grund, Schweiz",
        "query_used": "Berghütte Hohsaas Switzerland",
        "reservation_url": "https://www.hut-reservation.org/reservation/book-hut/549/wizard",
        "website": "https://www.hohsaashuette.ch/"
      },
      "geometry": {
        "type": "Point",
        "coordinates": [
          7.991636,
          46.13926
        ]
      }
    },
    {
      "type": "Feature",
      "properties": {
        "hut_id": "berglihutte-sac-ch",
        "hut": "Berglihütte SAC, CH",
        "name": "Berglihütte SAC",
        "country": "CH",
        "geocode_status": "OK",
        "formatted_address": "3818 Grindelwald, Schweiz",
        "query_used": "Berglihütte SAC Switzerland",
        "reservation_url": "https://www.hut-reservation.org/reservation/book-hut/161/wizard",
        "website": "https://konkordiahuette.ch/index.php/huetten/sac-grindelwald/berglihuette"
      },
      "geometry": {
        "type": "Point",
        "coordinates": [
          8.020535,
          46.566799
        ]
      }
    },
    {
      "type": "Feature",
      "properties": {
        "hut_id": "bifertenhutte-aacb-ch",
        "hut": "Bifertenhütte AACB, CH",
        "name": "Bifertenhütte AACB",
        "country": "CH",
        "geocode_status": "OK",
        "formatted_address": "7165 Breil-Brigels, Schweiz",
        "query_used": "Bifertenhütte AACB Switzerland",
        "reservation_url": "https://www.hut-reservation.org/reservation/book-hut/254/wizard",
        "website": "http://www.biferten.ch/"
      },
      "geometry": {
        "type": "Point",
        "coordinates": [
          9.026486,
          46.814491
        ]
      }
    },
    {
      "type": "Feature",
      "properties": {
        "hut_id": "binntalhutte-sac-ch",
        "hut": "Binntalhütte SAC, CH",
        "name": "Binntalhütte SAC",
        "country": "CH",
        "geocode_status": "OK",
        "formatted_address": "3996 Binn, Schweiz",
        "query_used": "Binntalhütte SAC Switzerland",
        "reservation_url": "https://www.hut-reservation.org/reservation/book-hut/264/wizard",
        "website": "https://cabane-binntal.ch/"
      },
      "geometry": {
        "type": "Point",
        "coordinates": [
          8.291807,
          46.374922
        ]
      }
    },
    {
      "type": "Feature",
      "properties": {
        "hut_id": "bivacco-corte-rossa-ch",
        "hut": "Bivacco Corte Rossa, CH",
        "name": "Bivacco Corte Rossa",
        "country": "CH",
        "geocode_status": "OK",
        "formatted_address": "Schweiz",
        "query_used": "Bivacco Corte Rossa Switzerland",
        "reservation_url": "https://www.hut-reservation.org/reservation/book-hut/745/wizard",
        "website": "https://sentierideglispalloni.com/bivacco-corte-rossa/"
      },
      "geometry": {
        "type": "Point",
        "coordinates": [
          8.41,
          46.26
        ]
      }
    },
    {
      "type": "Feature",
      "properties": {
        "hut_id": "bivacco-piano-della-parete-ch",
        "hut": "Bivacco Piano della Parete, CH",
        "name": "Bivacco Piano della Parete",
        "country": "CH",
        "geocode_status": "OK",
        "formatted_address": "C3QJ+62, 6713 Serravalle, Schweiz",
        "query_used": "Bivacco Piano della Parete Switzerland",
        "reservation_url": "https://www.hut-reservation.org/reservation/book-hut/598/wizard",
        "website": "https://www.satlucomagno.ch/"
      },
      "geometry": {
        "type": "Point",
        "coordinates": [
          9.080077,
          46.438706
        ]
      }
    },
    {
      "type": "Feature",
      "properties": {
        "hut_id": "bivouac-au-col-de-la-dent-blanche-cas-ch",
        "hut": "Bivouac au Col de la Dent Blanche CAS, CH",
        "name": "Bivouac au Col de la Dent Blanche CAS",
        "country": "CH",
        "geocode_status": "OK",
        "formatted_address": "1985 Evolène, Schweiz",
        "query_used": "Bivouac au Col de la Dent Blanche CAS Switzerland",
        "reservation_url": "https://www.hut-reservation.org/reservation/book-hut/513/wizard",
        "website": "https://www.cas-jaman.ch/cabanes/bivouac-de-la-dent-blanche.php"
      },
      "geometry": {
        "type": "Point",
        "coordinates": [
          7.607075,
          46.041898
        ]
      }
    },
    {
      "type": "Feature",
      "properties": {
        "hut_id": "bivouac-de-l-envers-des-dorees-ch",
        "hut": "Bivouac de l'Envers des Dorées, CH",
        "name": "Bivouac de l'Envers des Dorées",
        "country": "CH",
        "geocode_status": "OK",
        "formatted_address": "1943 Orsières, Schweiz",
        "query_used": "Bivouac de l'Envers des Dorées Switzerland",
        "reservation_url": "https://www.hut-reservation.org/reservation/book-hut/288/wizard",
        "website": "http://www.cas-dent-de-lys.ch/?page_id=20"
      },
      "geometry": {
        "type": "Point",
        "coordinates": [
          7.048766,
          45.979796
        ]
      }
    },
    {
      "type": "Feature",
      "properties": {
        "hut_id": "bluemlisalphutte-sac-ch",
        "hut": "Blüemlisalphütte SAC, CH",
        "name": "Blüemlisalphütte SAC",
        "country": "CH",
        "geocode_status": "OK",
        "formatted_address": "3718 Kandersteg, Schweiz",
        "query_used": "Blüemlisalphütte SAC Switzerland",
        "reservation_url": "https://www.hut-reservation.org/reservation/book-hut/1/wizard",
        "website": "http://www.bluemlisalphuette.com/"
      },
      "geometry": {
        "type": "Point",
        "coordinates": [
          7.4617,
          46.3036
        ]
      }
    },
    {
      "type": "Feature",
      "properties": {
        "hut_id": "bordierhutte-sac-ch",
        "hut": "Bordierhütte SAC, CH",
        "name": "Bordierhütte SAC",
        "country": "CH",
        "geocode_status": "OK",
        "formatted_address": "Bordierhütte, 3924 St. Niklaus, Schweiz",
        "query_used": "Bordierhütte SAC Switzerland",
        "reservation_url": "https://www.hut-reservation.org/reservation/book-hut/156/wizard",
        "website": "http://www.bordierhuette.com/"
      },
      "geometry": {
        "type": "Point",
        "coordinates": [
          7.8498,
          46.14465
        ]
      }
    },
    {
      "type": "Feature",
      "properties": {
        "hut_id": "brisenhaus-ch",
        "hut": "Brisenhaus, CH",
        "name": "Brisenhaus",
        "country": "CH",
        "geocode_status": "OK",
        "formatted_address": "Brisenhaus 1, 6375 Beckenried, Schweiz",
        "query_used": "Brisenhaus Switzerland",
        "reservation_url": "https://www.hut-reservation.org/reservation/book-hut/732/wizard",
        "website": "https://www.brisenhaus.ch/"
      },
      "geometry": {
        "type": "Point",
        "coordinates": [
          8.464058999999999,
          46.9148743
        ]
      }
    },
    {
      "type": "Feature",
      "properties": {
        "hut_id": "britanniahutte-sac-ch",
        "hut": "Britanniahütte SAC, CH",
        "name": "Britanniahütte SAC",
        "country": "CH",
        "geocode_status": "OK",
        "formatted_address": "Alter Talweg 29, 3910 Saas-Grund, Schweiz",
        "query_used": "Britanniahütte SAC Switzerland",
        "reservation_url": "https://www.hut-reservation.org/reservation/book-hut/9/wizard",
        "website": "http://www.britannia.ch/"
      },
      "geometry": {
        "type": "Point",
        "coordinates": [
          7.93507,
          46.060106
        ]
      }
    },
    {
      "type": "Feature",
      "properties": {
        "hut_id": "brochhutte-ch",
        "hut": "Brochhütte, CH",
        "name": "Brochhütte",
        "country": "CH",
        "geocode_status": "OK",
        "formatted_address": "Rychenbachtal, 3860 Meiringen, Schweiz",
        "query_used": "Brochhütte Switzerland",
        "reservation_url": "https://www.hut-reservation.org/reservation/book-hut/206/wizard",
        "website": "http://www.brochhuette.ch/"
      },
      "geometry": {
        "type": "Point",
        "coordinates": [
          8.13902,
          46.68073
        ]
      }
    },
    {
      "type": "Feature",
      "properties": {
        "hut_id": "brunnihutte-ch",
        "hut": "Brunnihütte, CH",
        "name": "Brunnihütte",
        "country": "CH",
        "geocode_status": "OK",
        "formatted_address": "8849 Brunni SZ, Schweiz",
        "query_used": "Brunnihütte Switzerland",
        "reservation_url": "https://www.hut-reservation.org/reservation/book-hut/37/wizard",
        "website": "http://www.xn--brunnihtte-geb.ch/"
      },
      "geometry": {
        "type": "Point",
        "coordinates": [
          8.24384,
          46.50273
        ]
      }
    },
    {
      "type": "Feature",
      "properties": {
        "hut_id": "burghutte-ch",
        "hut": "Burghütte, CH",
        "name": "Burghütte",
        "country": "CH",
        "geocode_status": "OK",
        "formatted_address": "Burghütte, 3984 Fieschertal, Schweiz",
        "query_used": "Burghütte Switzerland",
        "reservation_url": "https://www.hut-reservation.org/reservation/book-hut/474/wizard",
        "website": "http://burghuette.ch/"
      },
      "geometry": {
        "type": "Point",
        "coordinates": [
          8.135312,
          46.450992
        ]
      }
    },
    {
      "type": "Feature",
      "properties": {
        "hut_id": "bachlitalhutte-sac-ch",
        "hut": "Bächlitalhütte SAC, CH",
        "name": "Bächlitalhütte SAC",
        "country": "CH",
        "geocode_status": "OK",
        "formatted_address": "Guttannen 3864, 3864 Guttannen, Schweiz",
        "query_used": "Bächlitalhütte SAC Switzerland",
        "reservation_url": "https://www.hut-reservation.org/reservation/book-hut/23/wizard",
        "website": "http://www.baechlital-huette.ch/"
      },
      "geometry": {
        "type": "Point",
        "coordinates": [
          8.2825917,
          46.5869456
        ]
      }
    },
    {
      "type": "Feature",
      "properties": {
        "hut_id": "cabane-arpitettaz-cas-ch",
        "hut": "Cabane Arpitettaz CAS, CH",
        "name": "Cabane Arpitettaz CAS",
        "country": "CH",
        "geocode_status": "OK",
        "formatted_address": "3961 Zinal, Schweiz",
        "query_used": "Cabane Arpitettaz CAS Switzerland",
        "reservation_url": "https://www.hut-reservation.org/reservation/book-hut/511/wizard",
        "website": "https://arpitettaz.ch/"
      },
      "geometry": {
        "type": "Point",
        "coordinates": [
          7.679483,
          46.101306
        ]
      }
    },
    {
      "type": "Feature",
      "properties": {
        "hut_id": "cabane-balavaux-ch",
        "hut": "Cabane Balavaux, CH",
        "name": "Cabane Balavaux",
        "country": "CH",
        "geocode_status": "OK",
        "formatted_address": "Rte de Balavaux, 1914 Isérables, Schweiz",
        "query_used": "Cabane Balavaux Switzerland",
        "reservation_url": "https://www.hut-reservation.org/reservation/book-hut/413/wizard",
        "website": "https://www.cabanebalavaux.com/"
      },
      "geometry": {
        "type": "Point",
        "coordinates": [
          7.278,
          46.157
        ]
      }
    },
    {
      "type": "Feature",
      "properties": {
        "hut_id": "cabane-barraud-ch",
        "hut": "Cabane Barraud, CH",
        "name": "Cabane Barraud",
        "country": "CH",
        "geocode_status": "OK",
        "formatted_address": "Anzeindaz, 1882 Bex, Schweiz",
        "query_used": "Cabane Barraud Switzerland",
        "reservation_url": "https://www.hut-reservation.org/reservation/book-hut/67/wizard",
        "website": "https://www.cas-diablerets.ch/barraud"
      },
      "geometry": {
        "type": "Point",
        "coordinates": [
          7.163,
          46.284576
        ]
      }
    },
    {
      "type": "Feature",
      "properties": {
        "hut_id": "cabane-bertol-cas-ch",
        "hut": "Cabane Bertol CAS, CH",
        "name": "Cabane Bertol CAS",
        "country": "CH",
        "geocode_status": "OK",
        "formatted_address": "col bertol 1, 1986 Evolène, Schweiz",
        "query_used": "Cabane Bertol CAS Switzerland",
        "reservation_url": "https://www.hut-reservation.org/reservation/book-hut/681/wizard",
        "website": "http://www.bertol.ch/"
      },
      "geometry": {
        "type": "Point",
        "coordinates": [
          7.52772,
          46.00604
        ]
      }
    },
    {
      "type": "Feature",
      "properties": {
        "hut_id": "cabane-rambert-cas-ch",
        "hut": "Cabane Rambert CAS, CH",
        "name": "Cabane Rambert CAS",
        "country": "CH",
        "geocode_status": "OK",
        "formatted_address": "1911 Leytron, Schweiz",
        "query_used": "Cabane Rambert CAS Switzerland",
        "reservation_url": "https://www.hut-reservation.org/reservation/book-hut/280/wizard",
        "website": "https://www.cas-diablerets.ch/cabanes/cabane-rambert/"
      },
      "geometry": {
        "type": "Point",
        "coordinates": [
          7.134205,
          46.230205
        ]
      }
    },
    {
      "type": "Feature",
      "properties": {
        "hut_id": "cabane-d-orny-cas-ch",
        "hut": "Cabane d'Orny CAS, CH",
        "name": "Cabane d'Orny CAS",
        "country": "CH",
        "geocode_status": "OK",
        "formatted_address": "1943 Orsières, Schweiz",
        "query_used": "Cabane d'Orny CAS Switzerland",
        "reservation_url": "https://www.hut-reservation.org/reservation/book-hut/279/wizard",
        "website": "https://cas-diablerets.ch/orny"
      },
      "geometry": {
        "type": "Point",
        "coordinates": [
          7.034627,
          46.000705
        ]
      }
    },
    {
      "type": "Feature",
      "properties": {
        "hut_id": "cabane-de-bounavaux-ch",
        "hut": "Cabane de Bounavaux, CH",
        "name": "Cabane de Bounavaux",
        "country": "CH",
        "geocode_status": "OK",
        "formatted_address": "1666 Grandvillard, Schweiz",
        "query_used": "Cabane de Bounavaux Switzerland",
        "reservation_url": "https://www.hut-reservation.org/reservation/book-hut/573/wizard",
        "website": "https://www.cas-gruyere.ch/fr/cabanes/cabane-de-bounavaux/"
      },
      "geometry": {
        "type": "Point",
        "coordinates": [
          7.132362,
          46.533463
        ]
      }
    },
    {
      "type": "Feature",
      "properties": {
        "hut_id": "cabane-de-chanrion-cas-ch",
        "hut": "Cabane de Chanrion CAS, CH",
        "name": "Cabane de Chanrion CAS",
        "country": "CH",
        "geocode_status": "OK",
        "formatted_address": "1948 Bagnes, Schweiz",
        "query_used": "Cabane de Chanrion CAS Switzerland",
        "reservation_url": "https://www.hut-reservation.org/reservation/book-hut/379/wizard",
        "website": "https://www.chanrion.ch/"
      },
      "geometry": {
        "type": "Point",
        "coordinates": [
          7.380848,
          45.939266
        ]
      }
    },
    {
      "type": "Feature",
      "properties": {
        "hut_id": "cabane-de-prafleuri-ch",
        "hut": "Cabane de Prafleuri, CH",
        "name": "Cabane de Prafleuri",
        "country": "CH",
        "geocode_status": "OK",
        "formatted_address": "1987 Hérémence, Schweiz",
        "query_used": "Cabane de Prafleuri Switzerland",
        "reservation_url": "https://www.hut-reservation.org/reservation/book-hut/473/wizard",
        "website": "https://www.prafleuri.ch/"
      },
      "geometry": {
        "type": "Point",
        "coordinates": [
          7.378778,
          46.074947
        ]
      }
    },
    {
      "type": "Feature",
      "properties": {
        "hut_id": "cabane-de-prarochet-ch",
        "hut": "Cabane de Prarochet, CH",
        "name": "Cabane de Prarochet",
        "country": "CH",
        "geocode_status": "OK",
        "formatted_address": "Ski-Club Savièse, CP 113, 1965 Savièse, Schweiz",
        "query_used": "Cabane de Prarochet Switzerland",
        "reservation_url": "https://www.hut-reservation.org/reservation/book-hut/706/wizard",
        "website": "https://ski-club-saviese.odoo.com/cabane-prarochet"
      },
      "geometry": {
        "type": "Point",
        "coordinates": [
          7.145079,
          46.185205
        ]
      }
    },
    {
      "type": "Feature",
      "properties": {
        "hut_id": "cabane-de-saleinaz-cas-ch",
        "hut": "Cabane de Saleinaz CAS, CH",
        "name": "Cabane de Saleinaz CAS",
        "country": "CH",
        "geocode_status": "OK",
        "formatted_address": "Saleinaz, 1943 Praz-de-Fort, Schweiz",
        "query_used": "Cabane de Saleinaz CAS Switzerland",
        "reservation_url": "https://www.hut-reservation.org/reservation/book-hut/382/wizard",
        "website": "https://www.cas-neuchatel.ch/cabanes/cabane-de-saleinaz-2691m/"
      },
      "geometry": {
        "type": "Point",
        "coordinates": [
          7.070281,
          45.976355
        ]
      }
    },
    {
      "type": "Feature",
      "properties": {
        "hut_id": "cabane-de-sorniot-ch",
        "hut": "Cabane de Sorniot, CH",
        "name": "Cabane de Sorniot",
        "country": "CH",
        "geocode_status": "OK",
        "formatted_address": "1926 Fully, Schweiz",
        "query_used": "Cabane de Sorniot Switzerland",
        "reservation_url": "https://www.hut-reservation.org/reservation/book-hut/566/wizard",
        "website": "http://www.sorniot.ch/"
      },
      "geometry": {
        "type": "Point",
        "coordinates": [
          7.094961,
          46.169803
        ]
      }
    },
    {
      "type": "Feature",
      "properties": {
        "hut_id": "cabane-de-tracuit-cas-ch",
        "hut": "Cabane de Tracuit CAS, CH",
        "name": "Cabane de Tracuit CAS",
        "country": "CH",
        "geocode_status": "OK",
        "formatted_address": "Zinal, 3961 Ayer, Schweiz",
        "query_used": "Cabane de Tracuit CAS Switzerland",
        "reservation_url": "https://www.hut-reservation.org/reservation/book-hut/494/wizard",
        "website": "https://www.tracuit.ch/"
      },
      "geometry": {
        "type": "Point",
        "coordinates": [
          7.679355,
          46.13027
        ]
      }
    },
    {
      "type": "Feature",
      "properties": {
        "hut_id": "cabane-de-valsorey-cas-ch",
        "hut": "Cabane de Valsorey CAS, CH",
        "name": "Cabane de Valsorey CAS",
        "country": "CH",
        "geocode_status": "OK",
        "formatted_address": "1946 Bourg-Saint-Pierre, Schweiz",
        "query_used": "Cabane de Valsorey CAS Switzerland",
        "reservation_url": "https://www.hut-reservation.org/reservation/book-hut/400/wizard",
        "website": "https://www.valsorey.ch/"
      },
      "geometry": {
        "type": "Point",
        "coordinates": [
          7.271748,
          45.930778
        ]
      }
    },
    {
      "type": "Feature",
      "properties": {
        "hut_id": "cabane-de-l-a-neuve-cas-ch",
        "hut": "Cabane de l'A Neuve CAS, CH",
        "name": "Cabane de l'A Neuve CAS",
        "country": "CH",
        "geocode_status": "OK",
        "formatted_address": "La Fouly, 1944 Orsières, Schweiz",
        "query_used": "Cabane de l'A Neuve CAS Switzerland",
        "reservation_url": "https://www.hut-reservation.org/reservation/book-hut/277/wizard",
        "website": "https://cas-diablerets.ch/cabanes/cabane-de-la-neuve/"
      },
      "geometry": {
        "type": "Point",
        "coordinates": [
          7.066975,
          45.949231
        ]
      }
    },
    {
      "type": "Feature",
      "properties": {
        "hut_id": "cabane-de-la-barmaz-ch",
        "hut": "Cabane de la Barmaz, CH",
        "name": "Cabane de la Barmaz",
        "country": "CH",
        "geocode_status": "OK",
        "formatted_address": "1987 Hérémence, Schweiz",
        "query_used": "Cabane de la Barmaz Switzerland",
        "reservation_url": "https://www.hut-reservation.org/reservation/book-hut/668/wizard",
        "website": "https://www.cabanedelabarmaz.ch/"
      },
      "geometry": {
        "type": "Point",
        "coordinates": [
          7.386067,
          46.061406
        ]
      }
    },
    {
      "type": "Feature",
      "properties": {
        "hut_id": "cabane-de-la-dent-blanche-cas-ch",
        "hut": "Cabane de la Dent Blanche CAS, CH",
        "name": "Cabane de la Dent Blanche CAS",
        "country": "CH",
        "geocode_status": "OK",
        "formatted_address": "Route Principale, 1984 Evolène, Schweiz",
        "query_used": "Cabane de la Dent Blanche CAS Switzerland",
        "reservation_url": "https://www.hut-reservation.org/reservation/book-hut/436/wizard",
        "website": "https://www.cabane-dent-blanche.ch/"
      },
      "geometry": {
        "type": "Point",
        "coordinates": [
          7.6008,
          46.02027
        ]
      }
    },
    {
      "type": "Feature",
      "properties": {
        "hut_id": "cabane-de-la-tourche-ch",
        "hut": "Cabane de la Tourche, CH",
        "name": "Cabane de la Tourche",
        "country": "CH",
        "geocode_status": "OK",
        "formatted_address": "La Tourche, 1892 Lavey-Morcles, Schweiz",
        "query_used": "Cabane de la Tourche Switzerland",
        "reservation_url": "https://www.hut-reservation.org/reservation/book-hut/569/wizard",
        "website": "https://cas-st-maurice.ch/tourche.php"
      },
      "geometry": {
        "type": "Point",
        "coordinates": [
          7.06186,
          46.21461
        ]
      }
    },
    {
      "type": "Feature",
      "properties": {
        "hut_id": "cabane-des-audannes-ch",
        "hut": "Cabane des Audannes, CH",
        "name": "Cabane des Audannes",
        "country": "CH",
        "geocode_status": "OK",
        "formatted_address": "1972 Ayent, Schweiz",
        "query_used": "Cabane des Audannes Switzerland",
        "reservation_url": "https://www.hut-reservation.org/reservation/book-hut/690/wizard",
        "website": "https://www.audannes.ch/"
      },
      "geometry": {
        "type": "Point",
        "coordinates": [
          7.38415,
          46.34347
        ]
      }
    },
    {
      "type": "Feature",
      "properties": {
        "hut_id": "cabane-des-cles-ch",
        "hut": "Cabane des Clés, CH",
        "name": "Cabane des Clés",
        "country": "CH",
        "geocode_status": "OK",
        "formatted_address": "H29F+3W, 1663 Greyerz, Schweiz",
        "query_used": "Cabane des Clés Switzerland",
        "reservation_url": "https://www.hut-reservation.org/reservation/book-hut/575/wizard",
        "website": "https://www.cas-gruyere.ch/fr/cabanes/cabane-des-cles/"
      },
      "geometry": {
        "type": "Point",
        "coordinates": [
          7.01209,
          46.340481
        ]
      }
    },
    {
      "type": "Feature",
      "properties": {
        "hut_id": "cabane-des-diablerets-cas-ch",
        "hut": "Cabane des Diablerets CAS, CH",
        "name": "Cabane des Diablerets CAS",
        "country": "CH",
        "geocode_status": "OK",
        "formatted_address": "Cabane des Diablerets, 1865 Ormont-Dessus, Schweiz",
        "query_used": "Cabane des Diablerets CAS Switzerland",
        "reservation_url": "https://www.hut-reservation.org/reservation/book-hut/22/wizard",
        "website": "http://www.cabane-diablerets.ch/"
      },
      "geometry": {
        "type": "Point",
        "coordinates": [
          7.214233,
          46.346472
        ]
      }
    },
    {
      "type": "Feature",
      "properties": {
        "hut_id": "cabane-des-dix-cas-ch",
        "hut": "Cabane des Dix CAS, CH",
        "name": "Cabane des Dix CAS",
        "country": "CH",
        "geocode_status": "OK",
        "formatted_address": "1987 Hérémence, Schweiz",
        "query_used": "Cabane des Dix CAS Switzerland",
        "reservation_url": "https://www.hut-reservation.org/reservation/book-hut/10/wizard",
        "website": "http://www.cabanedesdix.ch/"
      },
      "geometry": {
        "type": "Point",
        "coordinates": [
          7.417683,
          46.011066
        ]
      }
    },
    {
      "type": "Feature",
      "properties": {
        "hut_id": "cabane-des-ecoulaies-ch",
        "hut": "Cabane des Ecoulaies, CH",
        "name": "Cabane des Ecoulaies",
        "country": "CH",
        "geocode_status": "OK",
        "formatted_address": "1987 Hérémence, Schweiz",
        "query_used": "Cabane des Ecoulaies Switzerland",
        "reservation_url": "NA",
        "website": "NA"
      },
      "geometry": {
        "type": "Point",
        "coordinates": [
          7.379731,
          46.063535
        ]
      }
    },
    {
      "type": "Feature",
      "properties": {
        "hut_id": "cabane-des-marindes-ch",
        "hut": "Cabane des Marindes, CH",
        "name": "Cabane des Marindes",
        "country": "CH",
        "geocode_status": "OK",
        "formatted_address": "1637 Val-de-Charmey, Schweiz",
        "query_used": "Cabane des Marindes Switzerland",
        "reservation_url": "https://www.hut-reservation.org/reservation/book-hut/574/wizard",
        "website": "https://www.cas-gruyere.ch/fr/cabanes/cabane-des-marindes/"
      },
      "geometry": {
        "type": "Point",
        "coordinates": [
          7.162078900000001,
          46.53587049999999
        ]
      }
    },
    {
      "type": "Feature",
      "properties": {
        "hut_id": "cabane-des-vignettes-cas-ch",
        "hut": "Cabane des Vignettes CAS, CH",
        "name": "Cabane des Vignettes CAS",
        "country": "CH",
        "geocode_status": "OK",
        "formatted_address": "Case Postale 48, 1986 Arolla, Schweiz",
        "query_used": "Cabane des Vignettes CAS Switzerland",
        "reservation_url": "https://www.hut-reservation.org/reservation/book-hut/226/wizard",
        "website": "http://www.cabane-des-vignettes.ch/fr"
      },
      "geometry": {
        "type": "Point",
        "coordinates": [
          7.474725,
          45.989976
        ]
      }
    },
    {
      "type": "Feature",
      "properties": {
        "hut_id": "cabane-des-violettes-cas-ch",
        "hut": "Cabane des Violettes CAS, CH",
        "name": "Cabane des Violettes CAS",
        "country": "CH",
        "geocode_status": "OK",
        "formatted_address": "La Cabane des Violettes, 3963 Crans-Montana, Schweiz",
        "query_used": "Cabane des Violettes CAS Switzerland",
        "reservation_url": "https://www.hut-reservation.org/reservation/book-hut/48/wizard",
        "website": "https://www.cabanedesviolettes.ch/"
      },
      "geometry": {
        "type": "Point",
        "coordinates": [
          7.498651,
          46.342819
        ]
      }
    },
    {
      "type": "Feature",
      "properties": {
        "hut_id": "cabane-du-carroz-ch",
        "hut": "Cabane du Carroz, CH",
        "name": "Cabane du Carroz",
        "country": "CH",
        "geocode_status": "OK",
        "formatted_address": "1273 Arzier-Le Muids, Schweiz",
        "query_used": "Cabane du Carroz Switzerland",
        "reservation_url": "https://www.hut-reservation.org/reservation/book-hut/406/wizard",
        "website": "https://www.cas-geneve.ch/mCabCarroz.php?choix=2"
      },
      "geometry": {
        "type": "Point",
        "coordinates": [
          6.0721,
          46.284
        ]
      }
    },
    {
      "type": "Feature",
      "properties": {
        "hut_id": "cabane-du-fenestral-ch",
        "hut": "Cabane du Fenestral, CH",
        "name": "Cabane du Fenestral",
        "country": "CH",
        "geocode_status": "OK",
        "formatted_address": "Route de la Gare 6, 1926 Fully, Schweiz",
        "query_used": "Cabane du Fenestral Switzerland",
        "reservation_url": "https://www.hut-reservation.org/reservation/book-hut/333/wizard",
        "website": "https://www.fenestral.ch/"
      },
      "geometry": {
        "type": "Point",
        "coordinates": [
          7.100621,
          46.189072
        ]
      }
    },
    {
      "type": "Feature",
      "properties": {
        "hut_id": "cabane-du-mont-dor-ch",
        "hut": "Cabane du Mont d’Or, CH",
        "name": "Cabane du Mont d’Or",
        "country": "CH",
        "geocode_status": "OK",
        "formatted_address": "1337 Vallorbe, Schweiz",
        "query_used": "Cabane du Mont d’Or Switzerland",
        "reservation_url": "https://www.hut-reservation.org/reservation/book-hut/311/wizard",
        "website": "https://www.cas-vallorbe.ch/cabane/"
      },
      "geometry": {
        "type": "Point",
        "coordinates": [
          6.336052,
          46.722757
        ]
      }
    },
    {
      "type": "Feature",
      "properties": {
        "hut_id": "cabane-du-mountet-cas-ch",
        "hut": "Cabane du Mountet CAS, CH",
        "name": "Cabane du Mountet CAS",
        "country": "CH",
        "geocode_status": "OK",
        "formatted_address": "Route de la lé, 3961 Zinal, Schweiz",
        "query_used": "Cabane du Mountet CAS Switzerland",
        "reservation_url": "https://www.hut-reservation.org/reservation/book-hut/278/wizard",
        "website": "http://www.cas-diablerets.ch/"
      },
      "geometry": {
        "type": "Point",
        "coordinates": [
          7.653619,
          46.060689
        ]
      }
    },
    {
      "type": "Feature",
      "properties": {
        "hut_id": "cabane-du-trient-cas-ch",
        "hut": "Cabane du Trient CAS, CH",
        "name": "Cabane du Trient CAS",
        "country": "CH",
        "geocode_status": "OK",
        "formatted_address": "1929 Trient, Schweiz",
        "query_used": "Cabane du Trient CAS Switzerland",
        "reservation_url": "https://www.hut-reservation.org/reservation/book-hut/281/wizard",
        "website": "http://www.cas-diablerets.ch/"
      },
      "geometry": {
        "type": "Point",
        "coordinates": [
          7.043639,
          46.000063
        ]
      }
    },
    {
      "type": "Feature",
      "properties": {
        "hut_id": "cabane-du-velan-cas-ch",
        "hut": "Cabane du Vélan CAS, CH",
        "name": "Cabane du Vélan CAS",
        "country": "CH",
        "geocode_status": "OK",
        "formatted_address": "1946 Bourg-Saint-Pierre, Schweiz",
        "query_used": "Cabane du Vélan CAS Switzerland",
        "reservation_url": "https://www.hut-reservation.org/reservation/book-hut/43/wizard",
        "website": "http://www.velan.ch/"
      },
      "geometry": {
        "type": "Point",
        "coordinates": [
          7.245379,
          45.91692
        ]
      }
    },
    {
      "type": "Feature",
      "properties": {
        "hut_id": "cabane-dessertze-ch",
        "hut": "Cabane d’Essertze, CH",
        "name": "Cabane d’Essertze",
        "country": "CH",
        "geocode_status": "OK",
        "formatted_address": "A mi-chemin entre Thyon 2000 et le, Barrage de la Grande Dixence, 1987 Hérémence, Schweiz",
        "query_used": "Cabane d’Essertze Switzerland",
        "reservation_url": "https://www.hut-reservation.org/reservation/book-hut/394/wizard",
        "website": "http://essertze.ch/"
      },
      "geometry": {
        "type": "Point",
        "coordinates": [
          7.371963,
          46.148057
        ]
      }
    },
    {
      "type": "Feature",
      "properties": {
        "hut_id": "calandahutte-sac-ch",
        "hut": "Calandahütte SAC, CH",
        "name": "Calandahütte SAC",
        "country": "CH",
        "geocode_status": "OK",
        "formatted_address": "Calanda, 7023 Haldenstein, Schweiz",
        "query_used": "Calandahütte SAC Switzerland",
        "reservation_url": "https://www.hut-reservation.org/reservation/book-hut/176/wizard",
        "website": "http://www.calandahuette.ch/"
      },
      "geometry": {
        "type": "Point",
        "coordinates": [
          9.482227,
          46.883185
        ]
      }
    },
    {
      "type": "Feature",
      "properties": {
        "hut_id": "camona-da-maighels-cas-ch",
        "hut": "Camona da Maighels CAS, CH",
        "name": "Camona da Maighels CAS",
        "country": "CH",
        "geocode_status": "OK",
        "formatted_address": "Via Alpsu 24, 7188 Sedrun, Schweiz",
        "query_used": "Camona da Maighels CAS Switzerland",
        "reservation_url": "https://www.hut-reservation.org/reservation/book-hut/26/wizard",
        "website": "http://www.maighelshuette.ch/"
      },
      "geometry": {
        "type": "Point",
        "coordinates": [
          8.69007,
          46.62547
        ]
      }
    },
    {
      "type": "Feature",
      "properties": {
        "hut_id": "camona-da-punteglias-cas-ch",
        "hut": "Camona da Punteglias CAS, CH",
        "name": "Camona da Punteglias CAS",
        "country": "CH",
        "geocode_status": "OK",
        "formatted_address": "Punteglias 1, 7166 Trun, Schweiz",
        "query_used": "Camona da Punteglias CAS Switzerland",
        "reservation_url": "https://www.hut-reservation.org/reservation/book-hut/240/wizard",
        "website": "https://www.punteglias.ch/"
      },
      "geometry": {
        "type": "Point",
        "coordinates": [
          8.95607,
          46.77722
        ]
      }
    },
    {
      "type": "Feature",
      "properties": {
        "hut_id": "capanna-adula-cas-ch",
        "hut": "Capanna Adula CAS, CH",
        "name": "Capanna Adula CAS",
        "country": "CH",
        "geocode_status": "OK",
        "formatted_address": "Capanna Adula CAS, 6719 Aquila, Schweiz",
        "query_used": "Capanna Adula CAS Switzerland",
        "reservation_url": "https://www.hut-reservation.org/reservation/book-hut/42/wizard",
        "website": "http://www.capannaadula.ch/"
      },
      "geometry": {
        "type": "Point",
        "coordinates": [
          8.995615,
          46.4992
        ]
      }
    },
    {
      "type": "Feature",
      "properties": {
        "hut_id": "capanna-adula-utoe-ch",
        "hut": "Capanna Adula UTOE, CH",
        "name": "Capanna Adula UTOE",
        "country": "CH",
        "geocode_status": "OK",
        "formatted_address": "6719 Blenio, Schweiz",
        "query_used": "Capanna Adula UTOE Switzerland",
        "reservation_url": "https://www.hut-reservation.org/reservation/book-hut/583/wizard",
        "website": "https://www.adula-utoe.ch/"
      },
      "geometry": {
        "type": "Point",
        "coordinates": [
          9.0275,
          46.29431
        ]
      }
    },
    {
      "type": "Feature",
      "properties": {
        "hut_id": "capanna-alp-da-canaa-ch",
        "hut": "Capanna Alp da Canaa, CH",
        "name": "Capanna Alp da Canaa",
        "country": "CH",
        "geocode_status": "OK",
        "formatted_address": "Schweiz",
        "query_used": "Capanna Alp da Canaa Switzerland",
        "reservation_url": "https://www.hut-reservation.org/reservation/book-hut/477/wizard",
        "website": "https://www.valledilodano.ch/it/rifugi"
      },
      "geometry": {
        "type": "Point",
        "coordinates": [
          8.63499,
          46.25045
        ]
      }
    },
    {
      "type": "Feature",
      "properties": {
        "hut_id": "capanna-alpe-nimi-ch",
        "hut": "Capanna Alpe Nimi, CH",
        "name": "Capanna Alpe Nimi",
        "country": "CH",
        "geocode_status": "OK",
        "formatted_address": "6672 Gordevio, Schweiz",
        "query_used": "Capanna Alpe Nimi Switzerland",
        "reservation_url": "https://www.hut-reservation.org/reservation/book-hut/479/wizard",
        "website": "https://hut-reservation.notion.site/Assistenza-145c866368c3804cae27d3b5cf1fed03"
      },
      "geometry": {
        "type": "Point",
        "coordinates": [
          8.76752,
          46.25221
        ]
      }
    },
    {
      "type": "Feature",
      "properties": {
        "hut_id": "capanna-alpe-sponda-ch",
        "hut": "Capanna Alpe Sponda, CH",
        "name": "Capanna Alpe Sponda",
        "country": "CH",
        "geocode_status": "OK",
        "formatted_address": "Nucleo 27, 6747 Chironico, Schweiz",
        "query_used": "Capanna Alpe Sponda Switzerland",
        "reservation_url": "https://www.hut-reservation.org/reservation/book-hut/447/wizard",
        "website": "https://www.satchiasso.ch/"
      },
      "geometry": {
        "type": "Point",
        "coordinates": [
          8.78584,
          46.41847
        ]
      }
    },
    {
      "type": "Feature",
      "properties": {
        "hut_id": "capanna-alzasca-cas-ch",
        "hut": "Capanna Alzasca CAS, CH",
        "name": "Capanna Alzasca CAS",
        "country": "CH",
        "geocode_status": "OK",
        "formatted_address": "Someo, 6674 Maggia, Schweiz",
        "query_used": "Capanna Alzasca CAS Switzerland",
        "reservation_url": "https://www.hut-reservation.org/reservation/book-hut/198/wizard",
        "website": "http://www.capannaalzasca.ch/"
      },
      "geometry": {
        "type": "Point",
        "coordinates": [
          8.589253,
          46.271332
        ]
      }
    },
    {
      "type": "Feature",
      "properties": {
        "hut_id": "capanna-arena-ch",
        "hut": "Capanna Arena, CH",
        "name": "Capanna Arena",
        "country": "CH",
        "geocode_status": "OK",
        "formatted_address": "Vergeletto, 6661 Onsernone, Schweiz",
        "query_used": "Capanna Arena Switzerland",
        "reservation_url": "https://www.hut-reservation.org/reservation/book-hut/510/wizard",
        "website": "https://www.capanna-arena.ch/"
      },
      "geometry": {
        "type": "Point",
        "coordinates": [
          8.51456,
          46.23269
        ]
      }
    },
    {
      "type": "Feature",
      "properties": {
        "hut_id": "capanna-basodino-robiei-cas-ch",
        "hut": "Capanna Basòdino (Robiei) CAS, CH",
        "name": "Capanna Basòdino (Robiei) CAS",
        "country": "CH",
        "geocode_status": "OK",
        "formatted_address": "Via cantonale, 6690 Cavergno, Schweiz",
        "query_used": "Capanna Basòdino (Robiei) CAS Switzerland",
        "reservation_url": "https://www.hut-reservation.org/reservation/book-hut/8/wizard",
        "website": "http://www.capannabasodino.ch/"
      },
      "geometry": {
        "type": "Point",
        "coordinates": [
          8.514077,
          46.439556
        ]
      }
    },
    {
      "type": "Feature",
      "properties": {
        "hut_id": "capanna-bovarina-ch",
        "hut": "Capanna Bovarina, CH",
        "name": "Capanna Bovarina",
        "country": "CH",
        "geocode_status": "OK",
        "formatted_address": "Buarina, 6720 Campo, Schweiz",
        "query_used": "Capanna Bovarina Switzerland",
        "reservation_url": "https://www.hut-reservation.org/reservation/book-hut/49/wizard",
        "website": "http://www.bovarina.ch/"
      },
      "geometry": {
        "type": "Point",
        "coordinates": [
          8.88841,
          46.56027
        ]
      }
    },
    {
      "type": "Feature",
      "properties": {
        "hut_id": "capanna-brogoldone-ch",
        "hut": "Capanna Brogoldone, CH",
        "name": "Capanna Brogoldone",
        "country": "CH",
        "geocode_status": "OK",
        "formatted_address": "6533 Lumino, Schweiz",
        "query_used": "Capanna Brogoldone Switzerland",
        "reservation_url": "https://www.hut-reservation.org/reservation/book-hut/565/wizard",
        "website": "https://www.brogoldone.ch/"
      },
      "geometry": {
        "type": "Point",
        "coordinates": [
          9.034788,
          46.154572
        ]
      }
    },
    {
      "type": "Feature",
      "properties": {
        "hut_id": "capanna-cadagno-ch",
        "hut": "Capanna Cadagno, CH",
        "name": "Capanna Cadagno",
        "country": "CH",
        "geocode_status": "OK",
        "formatted_address": "Val Piora, 6776 Piotta, Schweiz",
        "query_used": "Capanna Cadagno Switzerland",
        "reservation_url": "https://www.hut-reservation.org/reservation/book-hut/730/wizard",
        "website": "https://capannacadagno.ch/"
      },
      "geometry": {
        "type": "Point",
        "coordinates": [
          8.719669,
          46.54654
        ]
      }
    },
    {
      "type": "Feature",
      "properties": {
        "hut_id": "capanna-cadlimo-cas-ch",
        "hut": "Capanna Cadlimo CAS, CH",
        "name": "Capanna Cadlimo CAS",
        "country": "CH",
        "geocode_status": "OK",
        "formatted_address": "6780 Airolo, Schweiz",
        "query_used": "Capanna Cadlimo CAS Switzerland",
        "reservation_url": "https://www.hut-reservation.org/reservation/book-hut/34/wizard",
        "website": "http://www.cadlimohuette.ch/"
      },
      "geometry": {
        "type": "Point",
        "coordinates": [
          8.69484,
          46.57173
        ]
      }
    },
    {
      "type": "Feature",
      "properties": {
        "hut_id": "capanna-campo-tencia-cas-ch",
        "hut": "Capanna Campo Tencia CAS, CH",
        "name": "Capanna Campo Tencia CAS",
        "country": "CH",
        "geocode_status": "OK",
        "formatted_address": "6747 Chironico, Schweiz",
        "query_used": "Capanna Campo Tencia CAS Switzerland",
        "reservation_url": "https://www.hut-reservation.org/reservation/book-hut/36/wizard",
        "website": "http://www.campotencia.ch/"
      },
      "geometry": {
        "type": "Point",
        "coordinates": [
          8.73274,
          46.4442
        ]
      }
    },
    {
      "type": "Feature",
      "properties": {
        "hut_id": "capanna-cava-ch",
        "hut": "Capanna Cava, CH",
        "name": "Capanna Cava",
        "country": "CH",
        "geocode_status": "OK",
        "formatted_address": "Alpe di Cava 20, 6710 Biasca, Schweiz",
        "query_used": "Capanna Cava Switzerland",
        "reservation_url": "https://www.hut-reservation.org/reservation/book-hut/580/wizard",
        "website": "https://www.utoe-biasca.ch/"
      },
      "geometry": {
        "type": "Point",
        "coordinates": [
          9.03036,
          46.35756
        ]
      }
    },
    {
      "type": "Feature",
      "properties": {
        "hut_id": "capanna-corno-gries-cas-ch",
        "hut": "Capanna Corno-Gries CAS, CH",
        "name": "Capanna Corno-Gries CAS",
        "country": "CH",
        "geocode_status": "OK",
        "formatted_address": "Val Corno, 6781 Bedretto, Schweiz",
        "query_used": "Capanna Corno-Gries CAS Switzerland",
        "reservation_url": "https://www.hut-reservation.org/reservation/book-hut/197/wizard",
        "website": "http://www.corno-gries.ch/"
      },
      "geometry": {
        "type": "Point",
        "coordinates": [
          8.409994,
          46.467017
        ]
      }
    },
    {
      "type": "Feature",
      "properties": {
        "hut_id": "capanna-cristallina-cas-ch",
        "hut": "Capanna Cristallina CAS, CH",
        "name": "Capanna Cristallina CAS",
        "country": "CH",
        "geocode_status": "OK",
        "formatted_address": "6781 Bedretto, Schweiz",
        "query_used": "Capanna Cristallina CAS Switzerland",
        "reservation_url": "https://www.hut-reservation.org/reservation/book-hut/20/wizard",
        "website": "http://capannacristallina.casticino.ch/"
      },
      "geometry": {
        "type": "Point",
        "coordinates": [
          8.526301,
          46.472528
        ]
      }
    },
    {
      "type": "Feature",
      "properties": {
        "hut_id": "capanna-gambarogno-ch",
        "hut": "Capanna Gambarogno, CH",
        "name": "Capanna Gambarogno",
        "country": "CH",
        "geocode_status": "OK",
        "formatted_address": "Magadino - Indemini, 6575 Gambarogno, Schweiz",
        "query_used": "Capanna Gambarogno Switzerland",
        "reservation_url": "https://www.hut-reservation.org/reservation/book-hut/674/wizard",
        "website": "https://www.capannagambarogno.ch/"
      },
      "geometry": {
        "type": "Point",
        "coordinates": [
          8.83057,
          46.112331
        ]
      }
    },
    {
      "type": "Feature",
      "properties": {
        "hut_id": "capanna-grossalp-ch",
        "hut": "Capanna Grossalp, CH",
        "name": "Capanna Grossalp",
        "country": "CH",
        "geocode_status": "OK",
        "formatted_address": "Nucleo 136, 6685 Bosco/Gurin, Schweiz",
        "query_used": "Capanna Grossalp Switzerland",
        "reservation_url": "https://www.hut-reservation.org/reservation/book-hut/478/wizard",
        "website": "https://www.utoelocarno.ch/"
      },
      "geometry": {
        "type": "Point",
        "coordinates": [
          8.471349,
          46.316398
        ]
      }
    },
    {
      "type": "Feature",
      "properties": {
        "hut_id": "capanna-monte-bar-ch",
        "hut": "Capanna Monte Bar, CH",
        "name": "Capanna Monte Bar",
        "country": "CH",
        "geocode_status": "OK",
        "formatted_address": "Monte Bar, 6960 Capriasca, Schweiz",
        "query_used": "Capanna Monte Bar Switzerland",
        "reservation_url": "https://www.hut-reservation.org/reservation/book-hut/168/wizard",
        "website": "https://hut-reservation.notion.site/Support-130c866368c381929387de2833b04288"
      },
      "geometry": {
        "type": "Point",
        "coordinates": [
          9.013999,
          46.099995
        ]
      }
    },
    {
      "type": "Feature",
      "properties": {
        "hut_id": "capanna-motterascio-cas-ch",
        "hut": "Capanna Motterascio CAS, CH",
        "name": "Capanna Motterascio CAS",
        "country": "CH",
        "geocode_status": "OK",
        "formatted_address": "Valle di Blenio, 6719 Blenio, Schweiz",
        "query_used": "Capanna Motterascio CAS Switzerland",
        "reservation_url": "https://www.hut-reservation.org/reservation/book-hut/221/wizard",
        "website": "https://capannamotterascio.casticino.ch/"
      },
      "geometry": {
        "type": "Point",
        "coordinates": [
          9.0005,
          46.594167
        ]
      }
    },
    {
      "type": "Feature",
      "properties": {
        "hut_id": "capanna-pian-dalpe-ch",
        "hut": "Capanna Pian d’Alpe , CH",
        "name": "Capanna Pian d’Alpe",
        "country": "CH",
        "geocode_status": "OK",
        "formatted_address": "Pian dell'Alpe 1, 6714 Semione, Schweiz",
        "query_used": "Capanna Pian d’Alpe Switzerland",
        "reservation_url": "https://www.hut-reservation.org/reservation/book-hut/736/wizard",
        "website": "https://www.utoe-biasca.ch/"
      },
      "geometry": {
        "type": "Point",
        "coordinates": [
          8.5619,
          46.2341
        ]
      }
    },
    {
      "type": "Feature",
      "properties": {
        "hut_id": "capanna-piansecco-cas-ch",
        "hut": "Capanna Piansecco CAS, CH",
        "name": "Capanna Piansecco CAS",
        "country": "CH",
        "geocode_status": "OK",
        "formatted_address": "6781 Bedretto, Schweiz",
        "query_used": "Capanna Piansecco CAS Switzerland",
        "reservation_url": "https://www.hut-reservation.org/reservation/book-hut/399/wizard",
        "website": "https://www.capannapiansecco.ch/"
      },
      "geometry": {
        "type": "Point",
        "coordinates": [
          8.281,
          46.294
        ]
      }
    },
    {
      "type": "Feature",
      "properties": {
        "hut_id": "capanna-poncione-di-braga-ch",
        "hut": "Capanna Poncione di Braga, CH",
        "name": "Capanna Poncione di Braga",
        "country": "CH",
        "geocode_status": "OK",
        "formatted_address": "Valle di, 6695 Peccia, Schweiz",
        "query_used": "Capanna Poncione di Braga Switzerland",
        "reservation_url": "https://www.hut-reservation.org/reservation/book-hut/419/wizard",
        "website": "https://www.utoelocarno.ch/"
      },
      "geometry": {
        "type": "Point",
        "coordinates": [
          8.57221,
          46.42919
        ]
      }
    },
    {
      "type": "Feature",
      "properties": {
        "hut_id": "capanna-quarnei-ch",
        "hut": "Capanna Quarnei, CH",
        "name": "Capanna Quarnei",
        "country": "CH",
        "geocode_status": "OK",
        "formatted_address": "Via Campagna 1, 6713 Malvaglia, Schweiz",
        "query_used": "Capanna Quarnei Switzerland",
        "reservation_url": "https://www.hut-reservation.org/reservation/book-hut/582/wizard",
        "website": "https://www.quarnei.ch/"
      },
      "geometry": {
        "type": "Point",
        "coordinates": [
          9.023686,
          46.47311
        ]
      }
    },
    {
      "type": "Feature",
      "properties": {
        "hut_id": "capanna-sasc-fura-cas-ch",
        "hut": "Capanna Sasc Furä CAS, CH",
        "name": "Capanna Sasc Furä CAS",
        "country": "CH",
        "geocode_status": "OK",
        "formatted_address": "Val Bondasca, 7606 Bregaglia, Schweiz",
        "query_used": "Capanna Sasc Furä CAS Switzerland",
        "reservation_url": "https://www.hut-reservation.org/reservation/book-hut/38/wizard",
        "website": "http://www.sascfura.ch/"
      },
      "geometry": {
        "type": "Point",
        "coordinates": [
          9.5824,
          46.315328
        ]
      }
    },
    {
      "type": "Feature",
      "properties": {
        "hut_id": "capanna-scaletta-ch",
        "hut": "Capanna Scaletta, CH",
        "name": "Capanna Scaletta",
        "country": "CH",
        "geocode_status": "OK",
        "formatted_address": "Val Camadra, 6720 Ghirone, Schweiz",
        "query_used": "Capanna Scaletta Switzerland",
        "reservation_url": "https://www.hut-reservation.org/reservation/book-hut/135/wizard",
        "website": "https://www.satlucomagno.ch/wordpress/capanna-scaletta"
      },
      "geometry": {
        "type": "Point",
        "coordinates": [
          8.9402977,
          46.60775410000001
        ]
      }
    },
    {
      "type": "Feature",
      "properties": {
        "hut_id": "capanna-tomeo-ch",
        "hut": "Capanna Tomeo, CH",
        "name": "Capanna Tomeo",
        "country": "CH",
        "geocode_status": "OK",
        "formatted_address": "6693 Broglio, Lavizzara, Schweiz",
        "query_used": "Capanna Tomeo Switzerland",
        "reservation_url": "https://www.hut-reservation.org/reservation/book-hut/435/wizard",
        "website": "https://www.capannatomeo.ch/"
      },
      "geometry": {
        "type": "Point",
        "coordinates": [
          8.688937,
          46.366081
        ]
      }
    },
    {
      "type": "Feature",
      "properties": {
        "hut_id": "capanna-da-l-albigna-cas-ch",
        "hut": "Capanna da l'Albigna CAS, CH",
        "name": "Capanna da l'Albigna CAS",
        "country": "CH",
        "geocode_status": "OK",
        "formatted_address": "Capanna da l'Albigna, 7606 Bregaglia, Schweiz",
        "query_used": "Capanna da l'Albigna CAS Switzerland",
        "reservation_url": "https://www.hut-reservation.org/reservation/book-hut/3/wizard",
        "website": "http://www.albigna.ch/"
      },
      "geometry": {
        "type": "Point",
        "coordinates": [
          9.655262,
          46.331205
        ]
      }
    },
    {
      "type": "Feature",
      "properties": {
        "hut_id": "capanna-del-forno-cas-ch",
        "hut": "Capanna del Forno CAS, CH",
        "name": "Capanna del Forno CAS",
        "country": "CH",
        "geocode_status": "OK",
        "formatted_address": "Cà Val Forno, 7516 Bregaglia, Schweiz",
        "query_used": "Capanna del Forno CAS Switzerland",
        "reservation_url": "https://www.hut-reservation.org/reservation/book-hut/18/wizard",
        "website": "http://www.fornohuette.ch/"
      },
      "geometry": {
        "type": "Point",
        "coordinates": [
          9.709716,
          46.331498
        ]
      }
    },
    {
      "type": "Feature",
      "properties": {
        "hut_id": "capanna-di-sciora-cas-ch",
        "hut": "Capanna di Sciora CAS, CH",
        "name": "Capanna di Sciora CAS",
        "country": "CH",
        "geocode_status": "OK",
        "formatted_address": "val Bondasca, 7606 Promontogno, Schweiz",
        "query_used": "Capanna di Sciora CAS Switzerland",
        "reservation_url": "https://www.hut-reservation.org/reservation/book-hut/7/wizard",
        "website": "http://www.capannasciora.ch/"
      },
      "geometry": {
        "type": "Point",
        "coordinates": [
          9.61635,
          46.30312
        ]
      }
    },
    {
      "type": "Feature",
      "properties": {
        "hut_id": "carschinahutte-sac-ch",
        "hut": "Carschinahütte SAC, CH",
        "name": "Carschinahütte SAC",
        "country": "CH",
        "geocode_status": "OK",
        "formatted_address": "Carschinafurgga, 7246 St. Antönien, Schweiz",
        "query_used": "Carschinahütte SAC Switzerland",
        "reservation_url": "https://www.hut-reservation.org/reservation/book-hut/46/wizard",
        "website": "http://www.carschina.ch/"
      },
      "geometry": {
        "type": "Point",
        "coordinates": [
          9.827356,
          47.007076
        ]
      }
    },
    {
      "type": "Feature",
      "properties": {
        "hut_id": "cavardirashutte-sac-ch",
        "hut": "Cavardirashütte SAC, CH",
        "name": "Cavardirashütte SAC",
        "country": "CH",
        "geocode_status": "OK",
        "formatted_address": "Via Run, 7180 Disentis/Mustér, Schweiz",
        "query_used": "Cavardirashütte SAC Switzerland",
        "reservation_url": "https://www.hut-reservation.org/reservation/book-hut/694/wizard",
        "website": "https://www.cavardirashuette.ch/"
      },
      "geometry": {
        "type": "Point",
        "coordinates": [
          8.814237,
          46.742469
        ]
      }
    },
    {
      "type": "Feature",
      "properties": {
        "hut_id": "cesa-da-sett-ch",
        "hut": "Cesa da Sett, CH",
        "name": "Cesa da Sett",
        "country": "CH",
        "geocode_status": "OK",
        "formatted_address": "Tgesa da Sett, 7457 Bivio, Schweiz",
        "query_used": "Cesa da Sett Switzerland",
        "reservation_url": "https://www.hut-reservation.org/reservation/book-hut/551/wizard",
        "website": "http://www.cesa-da-sett.ch/"
      },
      "geometry": {
        "type": "Point",
        "coordinates": [
          9.63698,
          46.415417
        ]
      }
    },
    {
      "type": "Feature",
      "properties": {
        "hut_id": "chalet-la-source-ch",
        "hut": "Chalet La Source, CH",
        "name": "Chalet La Source",
        "country": "CH",
        "geocode_status": "OK",
        "formatted_address": "Chem. de Béroud 4, 1882 Gryon, Schweiz",
        "query_used": "Chalet La Source Switzerland",
        "reservation_url": "https://www.hut-reservation.org/reservation/book-hut/680/wizard",
        "website": "https://www.cas-argentine.ch/nos-cabanes/chalet-la-source.php"
      },
      "geometry": {
        "type": "Point",
        "coordinates": [
          7.0855,
          46.2751
        ]
      }
    },
    {
      "type": "Feature",
      "properties": {
        "hut_id": "chalet-lacombe-ch",
        "hut": "Chalet Lacombe, CH",
        "name": "Chalet Lacombe",
        "country": "CH",
        "geocode_status": "OK",
        "formatted_address": "Chemin de la Pierre-du-Moelle 19, 1863 Ormont-Dessous, Schweiz",
        "query_used": "Chalet Lacombe Switzerland",
        "reservation_url": "https://www.hut-reservation.org/reservation/book-hut/68/wizard",
        "website": "https://cas-diablerets.ch/cabanes/chalet-lacombe/"
      },
      "geometry": {
        "type": "Point",
        "coordinates": [
          7.042996,
          46.388473
        ]
      }
    },
    {
      "type": "Feature",
      "properties": {
        "hut_id": "chamanna-cluozza-ch",
        "hut": "Chamanna Cluozza, CH",
        "name": "Chamanna Cluozza",
        "country": "CH",
        "geocode_status": "OK",
        "formatted_address": "7530 Zernez, Schweiz",
        "query_used": "Chamanna Cluozza Switzerland",
        "reservation_url": "https://www.hut-reservation.org/reservation/book-hut/50/wizard",
        "website": "https://nationalpark.ch/besuchen/unterkunft/cluozza/"
      },
      "geometry": {
        "type": "Point",
        "coordinates": [
          10.117651,
          46.662848
        ]
      }
    },
    {
      "type": "Feature",
      "properties": {
        "hut_id": "chamanna-coaz-cas-ch",
        "hut": "Chamanna Coaz CAS, CH",
        "name": "Chamanna Coaz CAS",
        "country": "CH",
        "geocode_status": "OK",
        "formatted_address": "Roseggletscher 430, 7504 Pontresina, Schweiz",
        "query_used": "Chamanna Coaz CAS Switzerland",
        "reservation_url": "https://www.hut-reservation.org/reservation/book-hut/386/wizard",
        "website": "https://www.coaz.ch/"
      },
      "geometry": {
        "type": "Point",
        "coordinates": [
          9.82834,
          46.38169
        ]
      }
    },
    {
      "type": "Feature",
      "properties": {
        "hut_id": "chamanna-georgy-ch",
        "hut": "Chamanna Georgy, CH",
        "name": "Chamanna Georgy",
        "country": "CH",
        "geocode_status": "OK",
        "formatted_address": "Piz Languard, 7504 Pontresina, Schweiz",
        "query_used": "Chamanna Georgy Switzerland",
        "reservation_url": "https://www.hut-reservation.org/reservation/book-hut/290/wizard",
        "website": "https://www.chamanna-georgy.ch/"
      },
      "geometry": {
        "type": "Point",
        "coordinates": [
          9.955766,
          46.487882
        ]
      }
    },
    {
      "type": "Feature",
      "properties": {
        "hut_id": "chamanna-jenatsch-cas-ch",
        "hut": "Chamanna Jenatsch CAS, CH",
        "name": "Chamanna Jenatsch CAS",
        "country": "CH",
        "geocode_status": "OK",
        "formatted_address": "Jenatschhütte, 7502 Bever, Schweiz",
        "query_used": "Chamanna Jenatsch CAS Switzerland",
        "reservation_url": "https://www.hut-reservation.org/reservation/book-hut/157/wizard",
        "website": "http://www.chamannajenatsch.ch/"
      },
      "geometry": {
        "type": "Point",
        "coordinates": [
          9.720377,
          46.530168
        ]
      }
    },
    {
      "type": "Feature",
      "properties": {
        "hut_id": "chamanna-d-es-cha-cas-ch",
        "hut": "Chamanna d'Es-cha CAS, CH",
        "name": "Chamanna d'Es-cha CAS",
        "country": "CH",
        "geocode_status": "OK",
        "formatted_address": "7524 Zuoz, Schweiz",
        "query_used": "Chamanna d'Es-cha CAS Switzerland",
        "reservation_url": "https://www.hut-reservation.org/reservation/book-hut/25/wizard",
        "website": "https://www.es-cha.ch/"
      },
      "geometry": {
        "type": "Point",
        "coordinates": [
          9.902741,
          46.61149
        ]
      }
    },
    {
      "type": "Feature",
      "properties": {
        "hut_id": "chamanna-da-boval-cas-ch",
        "hut": "Chamanna da Boval CAS, CH",
        "name": "Chamanna da Boval CAS",
        "country": "CH",
        "geocode_status": "OK",
        "formatted_address": "7504 Pontresina, Schweiz",
        "query_used": "Chamanna da Boval CAS Switzerland",
        "reservation_url": "https://www.hut-reservation.org/reservation/book-hut/391/wizard",
        "website": "https://www.boval.ch/"
      },
      "geometry": {
        "type": "Point",
        "coordinates": [
          9.925074,
          46.415199
        ]
      }
    },
    {
      "type": "Feature",
      "properties": {
        "hut_id": "chamonas-d-ela-cas-ch",
        "hut": "Chamonas d'Ela CAS, CH",
        "name": "Chamonas d'Ela CAS",
        "country": "CH",
        "geocode_status": "OK",
        "formatted_address": "Schweiz",
        "query_used": "Chamonas d'Ela CAS Switzerland",
        "reservation_url": "https://www.hut-reservation.org/reservation/book-hut/182/wizard",
        "website": "http://www.sac-davos.ch/Sektion/Huetten/Ela-Huette-SAC.aspx"
      },
      "geometry": {
        "type": "Point",
        "coordinates": [
          9.691876,
          46.618768
        ]
      }
    },
    {
      "type": "Feature",
      "properties": {
        "hut_id": "chamonna-lischana-cas-ch",
        "hut": "Chamonna Lischana CAS, CH",
        "name": "Chamonna Lischana CAS",
        "country": "CH",
        "geocode_status": "OK",
        "formatted_address": "7550 Scuol, Schweiz",
        "query_used": "Chamonna Lischana CAS Switzerland",
        "reservation_url": "https://www.hut-reservation.org/reservation/book-hut/78/wizard",
        "website": "https://www.lischanahuette.ch/"
      },
      "geometry": {
        "type": "Point",
        "coordinates": [
          10.334556,
          46.765583
        ]
      }
    },
    {
      "type": "Feature",
      "properties": {
        "hut_id": "chamonna-tuoi-cas-ch",
        "hut": "Chamonna Tuoi CAS, CH",
        "name": "Chamonna Tuoi CAS",
        "country": "CH",
        "geocode_status": "OK",
        "formatted_address": "7545 Scuol, Schweiz",
        "query_used": "Chamonna Tuoi CAS Switzerland",
        "reservation_url": "https://www.hut-reservation.org/reservation/book-hut/33/wizard",
        "website": "https://www.tuoi.ch/"
      },
      "geometry": {
        "type": "Point",
        "coordinates": [
          10.132428,
          46.830744
        ]
      }
    },
    {
      "type": "Feature",
      "properties": {
        "hut_id": "chelenalphutte-sac-ch",
        "hut": "Chelenalphütte SAC, CH",
        "name": "Chelenalphütte SAC",
        "country": "CH",
        "geocode_status": "OK",
        "formatted_address": "6487 Göschenen, Schweiz",
        "query_used": "Chelenalphütte SAC Switzerland",
        "reservation_url": "https://www.hut-reservation.org/reservation/book-hut/55/wizard",
        "website": "https://www.chelenalp.ch/"
      },
      "geometry": {
        "type": "Point",
        "coordinates": [
          8.43984,
          46.67171
        ]
      }
    },
    {
      "type": "Feature",
      "properties": {
        "hut_id": "clubhaus-metsch-ch",
        "hut": "Clubhaus Metsch, CH",
        "name": "Clubhaus Metsch",
        "country": "CH",
        "geocode_status": "OK",
        "formatted_address": "A.Metsch, 3725 Frutigen, Schweiz",
        "query_used": "Clubhaus Metsch Switzerland",
        "reservation_url": "https://www.hut-reservation.org/reservation/book-hut/330/wizard",
        "website": "https://www.sac-huttwil.ch/sektion/clubhaus.php"
      },
      "geometry": {
        "type": "Point",
        "coordinates": [
          7.46,
          46.44
        ]
      }
    },
    {
      "type": "Feature",
      "properties": {
        "hut_id": "clubheim-falensee-ch",
        "hut": "Clubheim Fälensee, CH",
        "name": "Clubheim Fälensee",
        "country": "CH",
        "geocode_status": "OK",
        "formatted_address": "Bollenwees 4, 9058 Rüte, Schweiz",
        "query_used": "Clubheim Fälensee Switzerland",
        "reservation_url": "https://www.hut-reservation.org/reservation/book-hut/363/wizard",
        "website": "https://sac-stgallen.ch/sac-clubheim-faelensee/"
      },
      "geometry": {
        "type": "Point",
        "coordinates": [
          9.42,
          47.25
        ]
      }
    },
    {
      "type": "Feature",
      "properties": {
        "hut_id": "clubhutte-grubenalp-ch",
        "hut": "Clubhütte Grubenalp, CH",
        "name": "Clubhütte Grubenalp",
        "country": "CH",
        "geocode_status": "OK",
        "formatted_address": "Schweiz",
        "query_used": "Clubhütte Grubenalp Switzerland",
        "reservation_url": "https://www.hut-reservation.org/reservation/book-hut/568/wizard",
        "website": "https://sac-saas.ch/grubenalp/"
      },
      "geometry": {
        "type": "Point",
        "coordinates": [
          7.94713,
          46.16038
        ]
      }
    },
    {
      "type": "Feature",
      "properties": {
        "hut_id": "cresta-biwak-sac-ch",
        "hut": "Cresta-Biwak SAC, CH",
        "name": "Cresta-Biwak SAC",
        "country": "CH",
        "geocode_status": "OK",
        "formatted_address": "3905 Saas-Almagell, Schweiz",
        "query_used": "Cresta-Biwak SAC Switzerland",
        "reservation_url": "https://www.hut-reservation.org/reservation/book-hut/445/wizard",
        "website": "https://sac-saas.ch/cresta_biwak/"
      },
      "geometry": {
        "type": "Point",
        "coordinates": [
          8.03018,
          46.04474
        ]
      }
    },
    {
      "type": "Feature",
      "properties": {
        "hut_id": "cufercalhutte-sac-ch",
        "hut": "Cufercalhütte SAC, CH",
        "name": "Cufercalhütte SAC",
        "country": "CH",
        "geocode_status": "OK",
        "formatted_address": "Unterhalb des Piz Calandari, 7434 Sufers, Schweiz",
        "query_used": "Cufercalhütte SAC Switzerland",
        "reservation_url": "https://www.hut-reservation.org/reservation/book-hut/165/wizard",
        "website": "http://www.cufercal.ch/"
      },
      "geometry": {
        "type": "Point",
        "coordinates": [
          9.359021,
          46.593356
        ]
      }
    },
    {
      "type": "Feature",
      "properties": {
        "hut_id": "dammahutte-sac-ch",
        "hut": "Dammahütte SAC, CH",
        "name": "Dammahütte SAC",
        "country": "CH",
        "geocode_status": "OK",
        "formatted_address": "Göscheneralp, 6487 Göschenen, Schweiz",
        "query_used": "Dammahütte SAC Switzerland",
        "reservation_url": "https://www.hut-reservation.org/reservation/book-hut/228/wizard",
        "website": "http://www.xn--dammahtte-v9a.ch/"
      },
      "geometry": {
        "type": "Point",
        "coordinates": [
          8.457761,
          46.644864
        ]
      }
    },
    {
      "type": "Feature",
      "properties": {
        "hut_id": "doldenhornhutte-sac-ch",
        "hut": "Doldenhornhütte SAC, CH",
        "name": "Doldenhornhütte SAC",
        "country": "CH",
        "geocode_status": "OK",
        "formatted_address": "3718 Kandersteg, Schweiz",
        "query_used": "Doldenhornhütte SAC Switzerland",
        "reservation_url": "https://www.hut-reservation.org/reservation/book-hut/11/wizard",
        "website": "http://www.doldenhornhuette.ch/"
      },
      "geometry": {
        "type": "Point",
        "coordinates": [
          7.69739,
          46.48704
        ]
      }
    },
    {
      "type": "Feature",
      "properties": {
        "hut_id": "domhutte-sac-ch",
        "hut": "Domhütte SAC, CH",
        "name": "Domhütte SAC",
        "country": "CH",
        "geocode_status": "OK",
        "formatted_address": "noName, 3928 Randa, Schweiz",
        "query_used": "Domhütte SAC Switzerland",
        "reservation_url": "https://www.hut-reservation.org/reservation/book-hut/697/wizard",
        "website": "https://domhuette.ch/"
      },
      "geometry": {
        "type": "Point",
        "coordinates": [
          7.817705,
          46.103031
        ]
      }
    },
    {
      "type": "Feature",
      "properties": {
        "hut_id": "dossenhutte-sac-ch",
        "hut": "Dossenhütte SAC, CH",
        "name": "Dossenhütte SAC",
        "country": "CH",
        "geocode_status": "OK",
        "formatted_address": "3862 Schattenhalb, Schweiz",
        "query_used": "Dossenhütte SAC Switzerland",
        "reservation_url": "https://www.hut-reservation.org/reservation/book-hut/31/wizard",
        "website": "https://hut-reservation.notion.site/Support-130c866368c381929387de2833b04288"
      },
      "geometry": {
        "type": "Point",
        "coordinates": [
          8.169219,
          46.655219
        ]
      }
    },
    {
      "type": "Feature",
      "properties": {
        "hut_id": "druesberghutte-ch",
        "hut": "Druesberghütte, CH",
        "name": "Druesberghütte",
        "country": "CH",
        "geocode_status": "OK",
        "formatted_address": "Chäseren, 8842 Oberiberg, Schweiz",
        "query_used": "Druesberghütte Switzerland",
        "reservation_url": "https://www.hut-reservation.org/reservation/book-hut/741/wizard",
        "website": "https://druesberghuette.ch/"
      },
      "geometry": {
        "type": "Point",
        "coordinates": [
          8.826148,
          47.020706
        ]
      }
    },
    {
      "type": "Feature",
      "properties": {
        "hut_id": "enderlinhutte-sac-ch",
        "hut": "Enderlinhütte SAC, CH",
        "name": "Enderlinhütte SAC",
        "country": "CH",
        "geocode_status": "OK",
        "formatted_address": "Enderlinhütte, 7304 Maienfeld, Schweiz",
        "query_used": "Enderlinhütte SAC Switzerland",
        "reservation_url": "https://www.hut-reservation.org/reservation/book-hut/729/wizard",
        "website": "https://www.sac-piz-sol.ch/"
      },
      "geometry": {
        "type": "Point",
        "coordinates": [
          9.551532,
          47.038784
        ]
      }
    },
    {
      "type": "Feature",
      "properties": {
        "hut_id": "etzlihutte-sac-ch",
        "hut": "Etzlihütte SAC, CH",
        "name": "Etzlihütte SAC",
        "country": "CH",
        "geocode_status": "OK",
        "formatted_address": "PP9C+65, 6475 Silenen, Schweiz",
        "query_used": "Etzlihütte SAC Switzerland",
        "reservation_url": "https://www.hut-reservation.org/reservation/book-hut/398/wizard",
        "website": "https://www.etzlihuette.ch/"
      },
      "geometry": {
        "type": "Point",
        "coordinates": [
          8.72,
          46.71
        ]
      }
    },
    {
      "type": "Feature",
      "properties": {
        "hut_id": "fergenhutte-sac-ch",
        "hut": "Fergenhütte SAC, CH",
        "name": "Fergenhütte SAC",
        "country": "CH",
        "geocode_status": "OK",
        "formatted_address": "7250 Klosters-Serneus, Schweiz",
        "query_used": "Fergenhütte SAC Switzerland",
        "reservation_url": "https://www.hut-reservation.org/reservation/book-hut/241/wizard",
        "website": "https://www.fergenhuette.ch/"
      },
      "geometry": {
        "type": "Point",
        "coordinates": [
          9.96,
          46.86
        ]
      }
    },
    {
      "type": "Feature",
      "properties": {
        "hut_id": "finsteraarhornhutte-sac-ch",
        "hut": "Finsteraarhornhütte SAC, CH",
        "name": "Finsteraarhornhütte SAC",
        "country": "CH",
        "geocode_status": "OK",
        "formatted_address": "3984 Fieschertal, Schweiz",
        "query_used": "Finsteraarhornhütte SAC Switzerland",
        "reservation_url": "https://www.hut-reservation.org/reservation/book-hut/213/wizard",
        "website": "http://www.finsteraarhornhuette.ch/"
      },
      "geometry": {
        "type": "Point",
        "coordinates": [
          8.11,
          46.52
        ]
      }
    },
    {
      "type": "Feature",
      "properties": {
        "hut_id": "fluhseehutte-ch",
        "hut": "Fluhseehütte, CH",
        "name": "Fluhseehütte",
        "country": "CH",
        "geocode_status": "OK",
        "formatted_address": "Fluhsee, 3775 Lenk, Schweiz",
        "query_used": "Fluhseehütte Switzerland",
        "reservation_url": "https://www.hut-reservation.org/reservation/book-hut/656/wizard",
        "website": "https://www.fluhsee.ch/"
      },
      "geometry": {
        "type": "Point",
        "coordinates": [
          7.49946,
          46.41125
        ]
      }
    },
    {
      "type": "Feature",
      "properties": {
        "hut_id": "fromatthutte-ch",
        "hut": "Fromatthütte, CH",
        "name": "Fromatthütte",
        "country": "CH",
        "geocode_status": "OK",
        "formatted_address": "3770 Zweisimmen, Schweiz",
        "query_used": "Fromatthütte Switzerland",
        "reservation_url": "https://www.hut-reservation.org/reservation/book-hut/350/wizard",
        "website": "https://www.sac-wildhorn.ch/huetten/fromatthuette/"
      },
      "geometry": {
        "type": "Point",
        "coordinates": [
          7.43279,
          46.54601
        ]
      }
    },
    {
      "type": "Feature",
      "properties": {
        "hut_id": "frundenhutte-sac-ch",
        "hut": "Fründenhütte SAC, CH",
        "name": "Fründenhütte SAC",
        "country": "CH",
        "geocode_status": "OK",
        "formatted_address": "3718 Kandersteg, Schweiz",
        "query_used": "Fründenhütte SAC Switzerland",
        "reservation_url": "https://www.hut-reservation.org/reservation/book-hut/19/wizard",
        "website": "http://www.fruendenhuette.ch/"
      },
      "geometry": {
        "type": "Point",
        "coordinates": [
          7.741810000000001,
          46.4836
        ]
      }
    },
    {
      "type": "Feature",
      "properties": {
        "hut_id": "fusshornbiwak-ch",
        "hut": "Fusshornbiwak, CH",
        "name": "Fusshornbiwak",
        "country": "CH",
        "geocode_status": "OK",
        "formatted_address": "3904 Naters, Schweiz",
        "query_used": "Fusshornbiwak Switzerland",
        "reservation_url": "https://www.hut-reservation.org/reservation/book-hut/454/wizard",
        "website": "https://www.belalpalpincenter.ch/biwak/"
      },
      "geometry": {
        "type": "Point",
        "coordinates": [
          8.033,
          46.253
        ]
      }
    },
    {
      "type": "Feature",
      "properties": {
        "hut_id": "galmihornhutte-ch",
        "hut": "Galmihornhütte, CH",
        "name": "Galmihornhütte",
        "country": "CH",
        "geocode_status": "OK",
        "formatted_address": "Galmihornhütte, 3985 Münster, Schweiz",
        "query_used": "Galmihornhütte Switzerland",
        "reservation_url": "https://www.hut-reservation.org/reservation/book-hut/472/wizard",
        "website": "https://galmihornhuette.ch/"
      },
      "geometry": {
        "type": "Point",
        "coordinates": [
          8.242922,
          46.489456
        ]
      }
    },
    {
      "type": "Feature",
      "properties": {
        "hut_id": "gaulihutte-sac-ch",
        "hut": "Gaulihütte SAC, CH",
        "name": "Gaulihütte SAC",
        "country": "CH",
        "geocode_status": "OK",
        "formatted_address": "Urbachtal, 3862 Innertkirchen, Schweiz",
        "query_used": "Gaulihütte SAC Switzerland",
        "reservation_url": "https://www.hut-reservation.org/reservation/book-hut/27/wizard",
        "website": "https://www.gaulihuette.ch/"
      },
      "geometry": {
        "type": "Point",
        "coordinates": [
          8.216584,
          46.623745
        ]
      }
    },
    {
      "type": "Feature",
      "properties": {
        "hut_id": "gelmerhutte-sac-ch",
        "hut": "Gelmerhütte SAC, CH",
        "name": "Gelmerhütte SAC",
        "country": "CH",
        "geocode_status": "OK",
        "formatted_address": "1230 Guttannen, Schweiz",
        "query_used": "Gelmerhütte SAC Switzerland",
        "reservation_url": "https://www.hut-reservation.org/reservation/book-hut/66/wizard",
        "website": "http://www.gelmerhuette.ch/"
      },
      "geometry": {
        "type": "Point",
        "coordinates": [
          8.342758,
          46.631195
        ]
      }
    },
    {
      "type": "Feature",
      "properties": {
        "hut_id": "geltenhutte-sac-ch",
        "hut": "Geltenhütte SAC, CH",
        "name": "Geltenhütte SAC",
        "country": "CH",
        "geocode_status": "OK",
        "formatted_address": "Geltenhütte, 3782 Lauenen, Schweiz",
        "query_used": "Geltenhütte SAC Switzerland",
        "reservation_url": "https://www.hut-reservation.org/reservation/book-hut/17/wizard",
        "website": "http://www.gelten.ch/"
      },
      "geometry": {
        "type": "Point",
        "coordinates": [
          7.33,
          46.36
        ]
      }
    },
    {
      "type": "Feature",
      "properties": {
        "hut_id": "glattalphutte-sac-ch",
        "hut": "Glattalphütte SAC, CH",
        "name": "Glattalphütte SAC",
        "country": "CH",
        "geocode_status": "OK",
        "formatted_address": "Glattalp, 6436 Muotathal, Schweiz",
        "query_used": "Glattalphütte SAC Switzerland",
        "reservation_url": "https://www.hut-reservation.org/reservation/book-hut/39/wizard",
        "website": "http://www.glattalphuette.ch/"
      },
      "geometry": {
        "type": "Point",
        "coordinates": [
          8.875034,
          46.916885
        ]
      }
    },
    {
      "type": "Feature",
      "properties": {
        "hut_id": "glecksteinhutte-sac-ch",
        "hut": "Glecksteinhütte SAC, CH",
        "name": "Glecksteinhütte SAC",
        "country": "CH",
        "geocode_status": "OK",
        "formatted_address": "Glecksteinhütte, 3818 Grindelwald, Schweiz",
        "query_used": "Glecksteinhütte SAC Switzerland",
        "reservation_url": "https://www.hut-reservation.org/reservation/book-hut/2/wizard",
        "website": "http://www.gleckstein.ch/"
      },
      "geometry": {
        "type": "Point",
        "coordinates": [
          8.096502,
          46.625111
        ]
      }
    },
    {
      "type": "Feature",
      "properties": {
        "hut_id": "grassenbiwak-sac-ch",
        "hut": "Grassenbiwak SAC, CH",
        "name": "Grassenbiwak SAC",
        "country": "CH",
        "geocode_status": "OK",
        "formatted_address": "Schweiz",
        "query_used": "Grassenbiwak SAC Switzerland",
        "reservation_url": "https://www.hut-reservation.org/reservation/book-hut/567/wizard",
        "website": "https://www.sac-engelberg.ch/grassen-biwak/"
      },
      "geometry": {
        "type": "Point",
        "coordinates": [
          8.44665,
          46.7702
        ]
      }
    },
    {
      "type": "Feature",
      "properties": {
        "hut_id": "grialetsch-hutte-sac-ch",
        "hut": "Grialetsch-Hütte SAC, CH",
        "name": "Grialetsch-Hütte SAC",
        "country": "CH",
        "geocode_status": "OK",
        "formatted_address": "Susch, 7542 Zernez, Schweiz",
        "query_used": "Grialetsch-Hütte SAC Switzerland",
        "reservation_url": "https://www.hut-reservation.org/reservation/book-hut/444/wizard",
        "website": "https://www.grialetsch.ch/"
      },
      "geometry": {
        "type": "Point",
        "coordinates": [
          9.96057,
          46.71052
        ]
      }
    },
    {
      "type": "Feature",
      "properties": {
        "hut_id": "grubenberghutte-ch",
        "hut": "Grubenberghütte, CH",
        "name": "Grubenberghütte",
        "country": "CH",
        "geocode_status": "OK",
        "formatted_address": "Grubenberghütte SAC, Postfach 167, 3780 Gstaad, Schweiz",
        "query_used": "Grubenberghütte Switzerland",
        "reservation_url": "https://www.hut-reservation.org/reservation/book-hut/196/wizard",
        "website": "https://www.grubenberghuette.ch/"
      },
      "geometry": {
        "type": "Point",
        "coordinates": [
          7.0,
          46.54939
        ]
      }
    },
    {
      "type": "Feature",
      "properties": {
        "hut_id": "gruebenhutte-aacbs-ch",
        "hut": "Gruebenhütte AACBs, CH",
        "name": "Gruebenhütte AACBs",
        "country": "CH",
        "geocode_status": "OK",
        "formatted_address": "3864 Guttannen, Schweiz",
        "query_used": "Gruebenhütte AACBs Switzerland",
        "reservation_url": "https://www.hut-reservation.org/reservation/book-hut/312/wizard",
        "website": "http://www.gruebenhuette.ch/"
      },
      "geometry": {
        "type": "Point",
        "coordinates": [
          8.259318,
          46.60589
        ]
      }
    },
    {
      "type": "Feature",
      "properties": {
        "hut_id": "gspaltenhornhutte-sac-ch",
        "hut": "Gspaltenhornhütte SAC, CH",
        "name": "Gspaltenhornhütte SAC",
        "country": "CH",
        "geocode_status": "OK",
        "formatted_address": "Koordinaten: 628.510/151 337, 3723 Reichenbach im Kandertal, Schweiz",
        "query_used": "Gspaltenhornhütte SAC Switzerland",
        "reservation_url": "https://www.hut-reservation.org/reservation/book-hut/44/wizard",
        "website": "https://www.gspaltenhornhuette.ch/"
      },
      "geometry": {
        "type": "Point",
        "coordinates": [
          7.81,
          46.5
        ]
      }
    },
    {
      "type": "Feature",
      "properties": {
        "hut_id": "guggihutte-sac-ch",
        "hut": "Guggihütte SAC, CH",
        "name": "Guggihütte SAC",
        "country": "CH",
        "geocode_status": "OK",
        "formatted_address": "3823 Lauterbrunnen, Schweiz",
        "query_used": "Guggihütte SAC Switzerland",
        "reservation_url": "https://www.hut-reservation.org/reservation/book-hut/665/wizard",
        "website": "https://sac-interlaken.ch/index.php/huetten/guggihuette?view=guggihuette"
      },
      "geometry": {
        "type": "Point",
        "coordinates": [
          7.9744,
          46.56274
        ]
      }
    },
    {
      "type": "Feature",
      "properties": {
        "hut_id": "heidelberger-hutte-ch",
        "hut": "Heidelberger Hütte, CH",
        "name": "Heidelberger Hütte",
        "country": "CH",
        "geocode_status": "OK",
        "formatted_address": "W755+VV, Val Fenga 2, 7556 Valsot, Schweiz",
        "query_used": "Heidelberger Hütte Switzerland",
        "reservation_url": "https://www.hut-reservation.org/reservation/book-hut/456/wizard",
        "website": "https://www.heidelberger-huette.at/"
      },
      "geometry": {
        "type": "Point",
        "coordinates": [
          10.25948,
          46.90976
        ]
      }
    },
    {
      "type": "Feature",
      "properties": {
        "hut_id": "hinterbalmhutte-ch",
        "hut": "Hinterbalmhütte, CH",
        "name": "Hinterbalmhütte",
        "country": "CH",
        "geocode_status": "OK",
        "formatted_address": "Hinterbalmhütte, 6475 Silenen, Schweiz",
        "query_used": "Hinterbalmhütte Switzerland",
        "reservation_url": "https://www.hut-reservation.org/reservation/book-hut/496/wizard",
        "website": "https://www.hinterbalm-huette.ch/"
      },
      "geometry": {
        "type": "Point",
        "coordinates": [
          8.798549,
          46.77962
        ]
      }
    },
    {
      "type": "Feature",
      "properties": {
        "hut_id": "hohganthutte-ch",
        "hut": "Hohganthütte, CH",
        "name": "Hohganthütte",
        "country": "CH",
        "geocode_status": "OK",
        "formatted_address": "3804 Habkern, Schweiz",
        "query_used": "Hohganthütte Switzerland",
        "reservation_url": "https://www.hut-reservation.org/reservation/book-hut/24/wizard",
        "website": "http://www.sac-emmental.ch/hohganthuette/"
      },
      "geometry": {
        "type": "Point",
        "coordinates": [
          7.90609,
          46.78547
        ]
      }
    },
    {
      "type": "Feature",
      "properties": {
        "hut_id": "hollandiahutte-sac-ch",
        "hut": "Hollandiahütte SAC, CH",
        "name": "Hollandiahütte SAC",
        "country": "CH",
        "geocode_status": "OK",
        "formatted_address": "3919 Blatten, Schweiz",
        "query_used": "Hollandiahütte SAC Switzerland",
        "reservation_url": "https://www.hut-reservation.org/reservation/book-hut/374/wizard",
        "website": "https://www.hollandiahuette.ch/"
      },
      "geometry": {
        "type": "Point",
        "coordinates": [
          7.9603,
          46.4753
        ]
      }
    },
    {
      "type": "Feature",
      "properties": {
        "hut_id": "hundsteinhutte-sac-ch",
        "hut": "Hundsteinhütte SAC, CH",
        "name": "Hundsteinhütte SAC",
        "country": "CH",
        "geocode_status": "OK",
        "formatted_address": "Ob dem Fälensee, 9058 Schwende-Rüte, Schweiz",
        "query_used": "Hundsteinhütte SAC Switzerland",
        "reservation_url": "https://www.hut-reservation.org/reservation/book-hut/32/wizard",
        "website": "http://www.hundstein.ch/"
      },
      "geometry": {
        "type": "Point",
        "coordinates": [
          9.42217,
          47.25512
        ]
      }
    },
    {
      "type": "Feature",
      "properties": {
        "hut_id": "hufihutte-sac-ch",
        "hut": "Hüfihütte SAC, CH",
        "name": "Hüfihütte SAC",
        "country": "CH",
        "geocode_status": "OK",
        "formatted_address": "6475 Silenen, Schweiz",
        "query_used": "Hüfihütte SAC Switzerland",
        "reservation_url": "https://www.hut-reservation.org/reservation/book-hut/388/wizard",
        "website": "https://huefihuette.ch/"
      },
      "geometry": {
        "type": "Point",
        "coordinates": [
          8.819044,
          46.8022
        ]
      }
    },
    {
      "type": "Feature",
      "properties": {
        "hut_id": "igloo-des-pantalons-blancs-ch",
        "hut": "Igloo des Pantalons Blancs, CH",
        "name": "Igloo des Pantalons Blancs",
        "country": "CH",
        "geocode_status": "OK",
        "formatted_address": "1987 Hérémence, Schweiz",
        "query_used": "Igloo des Pantalons Blancs Switzerland",
        "reservation_url": "https://www.hut-reservation.org/reservation/book-hut/53/wizard",
        "website": "https://www.clubalpinsion.ch/index.php/club-alpin-sion/igloo"
      },
      "geometry": {
        "type": "Point",
        "coordinates": [
          7.36853,
          46.04055
        ]
      }
    },
    {
      "type": "Feature",
      "properties": {
        "hut_id": "kesch-hutte-sac-ch",
        "hut": "Kesch-Hütte SAC, CH",
        "name": "Kesch-Hütte SAC",
        "country": "CH",
        "geocode_status": "OK",
        "formatted_address": "7482 Bergün/Bravuogn, Schweiz",
        "query_used": "Kesch-Hütte SAC Switzerland",
        "reservation_url": "https://www.hut-reservation.org/reservation/book-hut/4/wizard",
        "website": "http://www.kesch.ch/"
      },
      "geometry": {
        "type": "Point",
        "coordinates": [
          9.875188,
          46.645157
        ]
      }
    },
    {
      "type": "Feature",
      "properties": {
        "hut_id": "kistenpasshutte-ch",
        "hut": "Kistenpasshütte, CH",
        "name": "Kistenpasshütte",
        "country": "CH",
        "geocode_status": "OK",
        "formatted_address": "8783 Glarus Süd, Schweiz",
        "query_used": "Kistenpasshütte Switzerland",
        "reservation_url": "https://www.hut-reservation.org/reservation/book-hut/505/wizard",
        "website": "https://www.sac-winterthur.ch/huetten/kistenpass.php"
      },
      "geometry": {
        "type": "Point",
        "coordinates": [
          9.02935,
          46.84037
        ]
      }
    },
    {
      "type": "Feature",
      "properties": {
        "hut_id": "konkordiahutte-sac-ch",
        "hut": "Konkordiahütte SAC, CH",
        "name": "Konkordiahütte SAC",
        "country": "CH",
        "geocode_status": "OK",
        "formatted_address": "Konkordiaplatz, 3984 Fieschertal, Schweiz",
        "query_used": "Konkordiahütte SAC Switzerland",
        "reservation_url": "https://www.hut-reservation.org/reservation/book-hut/12/wizard",
        "website": "http://www.konkordiahuette.ch/"
      },
      "geometry": {
        "type": "Point",
        "coordinates": [
          8.053198,
          46.500462
        ]
      }
    },
    {
      "type": "Feature",
      "properties": {
        "hut_id": "krontenhutte-sac-ch",
        "hut": "Kröntenhütte SAC, CH",
        "name": "Kröntenhütte SAC",
        "country": "CH",
        "geocode_status": "OK",
        "formatted_address": "6472 Erstfeld, Schweiz",
        "query_used": "Kröntenhütte SAC Switzerland",
        "reservation_url": "https://www.hut-reservation.org/reservation/book-hut/274/wizard",
        "website": "https://www.kroentenhuette.com/"
      },
      "geometry": {
        "type": "Point",
        "coordinates": [
          8.57543,
          46.8001
        ]
      }
    },
    {
      "type": "Feature",
      "properties": {
        "hut_id": "la-borbuintze-ch",
        "hut": "La Borbuintze, CH",
        "name": "La Borbuintze",
        "country": "CH",
        "geocode_status": "OK",
        "formatted_address": "1619 Châtel-Saint-Denis, Schweiz",
        "query_used": "La Borbuintze Switzerland",
        "reservation_url": "https://www.hut-reservation.org/reservation/book-hut/64/wizard",
        "website": "http://www.cas-diablerets.ch/borbuintze"
      },
      "geometry": {
        "type": "Point",
        "coordinates": [
          8.366572,
          46.50992
        ]
      }
    },
    {
      "type": "Feature",
      "properties": {
        "hut_id": "lauteraarhutte-sac-ch",
        "hut": "Lauteraarhütte SAC, CH",
        "name": "Lauteraarhütte SAC",
        "country": "CH",
        "geocode_status": "OK",
        "formatted_address": "3864 Guttannen, Schweiz",
        "query_used": "Lauteraarhütte SAC Switzerland",
        "reservation_url": "https://www.hut-reservation.org/reservation/book-hut/558/wizard",
        "website": "https://www.lauteraarhuette.ch/"
      },
      "geometry": {
        "type": "Point",
        "coordinates": [
          8.222178,
          46.570068
        ]
      }
    },
    {
      "type": "Feature",
      "properties": {
        "hut_id": "leglerhutte-sac-ch",
        "hut": "Leglerhütte SAC, CH",
        "name": "Leglerhütte SAC",
        "country": "CH",
        "geocode_status": "OK",
        "formatted_address": "Walcherguet 13, 8750 Luchsingen, Schweiz",
        "query_used": "Leglerhütte SAC Switzerland",
        "reservation_url": "https://www.hut-reservation.org/reservation/book-hut/13/wizard",
        "website": "http://www.leglerhuette.ch/"
      },
      "geometry": {
        "type": "Point",
        "coordinates": [
          9.0799,
          46.92754
        ]
      }
    },
    {
      "type": "Feature",
      "properties": {
        "hut_id": "leutschachhutte-sac-ch",
        "hut": "Leutschachhütte SAC, CH",
        "name": "Leutschachhütte SAC",
        "country": "CH",
        "geocode_status": "OK",
        "formatted_address": "6476 Gurtnellen, Schweiz",
        "query_used": "Leutschachhütte SAC Switzerland",
        "reservation_url": "https://www.hut-reservation.org/reservation/book-hut/717/wizard",
        "website": "https://leutschachhuette.ch/"
      },
      "geometry": {
        "type": "Point",
        "coordinates": [
          8.601277,
          47.78361
        ]
      }
    },
    {
      "type": "Feature",
      "properties": {
        "hut_id": "lidernenhutte-sac-ch",
        "hut": "Lidernenhütte SAC, CH",
        "name": "Lidernenhütte SAC",
        "country": "CH",
        "geocode_status": "OK",
        "formatted_address": "Chappeliberg, 6452 Riemenstalden, Schweiz",
        "query_used": "Lidernenhütte SAC Switzerland",
        "reservation_url": "https://www.hut-reservation.org/reservation/book-hut/5/wizard",
        "website": "https://www.lidernen.ch/"
      },
      "geometry": {
        "type": "Point",
        "coordinates": [
          8.69267,
          46.935185
        ]
      }
    },
    {
      "type": "Feature",
      "properties": {
        "hut_id": "lobhornhutte-ch",
        "hut": "Lobhornhütte, CH",
        "name": "Lobhornhütte",
        "country": "CH",
        "geocode_status": "OK",
        "formatted_address": "3822 Lauterbrunnen, Schweiz",
        "query_used": "Lobhornhütte Switzerland",
        "reservation_url": "https://www.hut-reservation.org/reservation/book-hut/243/wizard",
        "website": "https://lobhornhuette.ch/"
      },
      "geometry": {
        "type": "Point",
        "coordinates": [
          7.868928,
          46.618478
        ]
      }
    },
    {
      "type": "Feature",
      "properties": {
        "hut_id": "lonza-biwak-ch",
        "hut": "Lonza Biwak, CH",
        "name": "Lonza Biwak",
        "country": "CH",
        "geocode_status": "OK",
        "formatted_address": "3920 Zermatt, Schweiz",
        "query_used": "Lonza Biwak Switzerland",
        "reservation_url": "https://www.hut-reservation.org/reservation/book-hut/548/wizard",
        "website": "https://www.zermatters.ch/"
      },
      "geometry": {
        "type": "Point",
        "coordinates": [
          7.635144,
          45.986042
        ]
      }
    },
    {
      "type": "Feature",
      "properties": {
        "hut_id": "lammerenhutte-sac-ch",
        "hut": "Lämmerenhütte SAC, CH",
        "name": "Lämmerenhütte SAC",
        "country": "CH",
        "geocode_status": "OK",
        "formatted_address": "3954 Leukerbad, Schweiz",
        "query_used": "Lämmerenhütte SAC Switzerland",
        "reservation_url": "https://www.hut-reservation.org/reservation/book-hut/453/wizard",
        "website": "http://www.laemmeren.ch/"
      },
      "geometry": {
        "type": "Point",
        "coordinates": [
          7.574448,
          46.400329
        ]
      }
    },
    {
      "type": "Feature",
      "properties": {
        "hut_id": "lantahutte-sac-ch",
        "hut": "Läntahütte SAC, CH",
        "name": "Läntahütte SAC",
        "country": "CH",
        "geocode_status": "OK",
        "formatted_address": "Länta Hütte SAC, 7132 Vals, Schweiz",
        "query_used": "Läntahütte SAC Switzerland",
        "reservation_url": "https://www.hut-reservation.org/reservation/book-hut/689/wizard",
        "website": "https://www.laentahuette.ch/"
      },
      "geometry": {
        "type": "Point",
        "coordinates": [
          9.0419,
          46.5416
        ]
      }
    },
    {
      "type": "Feature",
      "properties": {
        "hut_id": "martinsmadhutte-sac-ch",
        "hut": "Martinsmadhütte SAC, CH",
        "name": "Martinsmadhütte SAC",
        "country": "CH",
        "geocode_status": "OK",
        "formatted_address": "Martinsmad, 8767 Glarus Süd, Schweiz",
        "query_used": "Martinsmadhütte SAC Switzerland",
        "reservation_url": "https://www.hut-reservation.org/reservation/book-hut/615/wizard",
        "website": "https://www.martinsmadhuette.ch/"
      },
      "geometry": {
        "type": "Point",
        "coordinates": [
          9.1881728,
          46.8923982
        ]
      }
    },
    {
      "type": "Feature",
      "properties": {
        "hut_id": "medelserhutte-sac-ch",
        "hut": "Medelserhütte SAC, CH",
        "name": "Medelserhütte SAC",
        "country": "CH",
        "geocode_status": "OK",
        "formatted_address": "Postfach, Via Lucmagn 32, 7184 Medel (Lucmagn), Schweiz",
        "query_used": "Medelserhütte SAC Switzerland",
        "reservation_url": "https://www.hut-reservation.org/reservation/book-hut/332/wizard",
        "website": "https://www.medelserhuette.ch/"
      },
      "geometry": {
        "type": "Point",
        "coordinates": [
          8.913761,
          46.640545
        ]
      }
    },
    {
      "type": "Feature",
      "properties": {
        "hut_id": "mischabelhutte-aacz-ch",
        "hut": "Mischabelhütte AACZ, CH",
        "name": "Mischabelhütte AACZ",
        "country": "CH",
        "geocode_status": "OK",
        "formatted_address": "3906 Saas-Fee, Schweiz",
        "query_used": "Mischabelhütte AACZ Switzerland",
        "reservation_url": "https://www.hut-reservation.org/reservation/book-hut/420/wizard",
        "website": "https://www.mischabelhuette.ch/"
      },
      "geometry": {
        "type": "Point",
        "coordinates": [
          7.888891099999999,
          46.1095483
        ]
      }
    },
    {
      "type": "Feature",
      "properties": {
        "hut_id": "mischabeljochbiwak-sac-ch",
        "hut": "Mischabeljochbiwak SAC, CH",
        "name": "Mischabeljochbiwak SAC",
        "country": "CH",
        "geocode_status": "OK",
        "formatted_address": "3929 Täsch, Schweiz",
        "query_used": "Mischabeljochbiwak SAC Switzerland",
        "reservation_url": "https://www.hut-reservation.org/reservation/book-hut/378/wizard",
        "website": "https://mischabeljochbiwak.ch/"
      },
      "geometry": {
        "type": "Point",
        "coordinates": [
          7.865815,
          46.07421
        ]
      }
    },
    {
      "type": "Feature",
      "properties": {
        "hut_id": "mittellegihutte-ch",
        "hut": "Mittellegihütte, CH",
        "name": "Mittellegihütte",
        "country": "CH",
        "geocode_status": "OK",
        "formatted_address": "3818 Grindelwald, Schweiz",
        "query_used": "Mittellegihütte Switzerland",
        "reservation_url": "https://www.hut-reservation.org/reservation/book-hut/338/wizard",
        "website": "https://www.mittellegi.ch/"
      },
      "geometry": {
        "type": "Point",
        "coordinates": [
          8.022527,
          46.583412
        ]
      }
    },
    {
      "type": "Feature",
      "properties": {
        "hut_id": "monte-rosa-hutte-sac-ch",
        "hut": "Monte Rosa Hütte SAC, CH",
        "name": "Monte Rosa Hütte SAC",
        "country": "CH",
        "geocode_status": "OK",
        "formatted_address": "3920 Zermatt, Schweiz",
        "query_used": "Monte Rosa Hütte SAC Switzerland",
        "reservation_url": "https://www.hut-reservation.org/reservation/book-hut/6/wizard",
        "website": "http://www.monterosahuette.ch/"
      },
      "geometry": {
        "type": "Point",
        "coordinates": [
          7.814543,
          45.95694
        ]
      }
    },
    {
      "type": "Feature",
      "properties": {
        "hut_id": "monte-leone-hutte-sac-ch",
        "hut": "Monte-Leone-Hütte SAC, CH",
        "name": "Monte-Leone-Hütte SAC",
        "country": "CH",
        "geocode_status": "OK",
        "formatted_address": "3901 Ried-Brig, Schweiz",
        "query_used": "Monte-Leone-Hütte SAC Switzerland",
        "reservation_url": "https://www.hut-reservation.org/reservation/book-hut/340/wizard",
        "website": "https://www.cas-sommartel.ch/monte-leone/"
      },
      "geometry": {
        "type": "Point",
        "coordinates": [
          8.079,
          46.26
        ]
      }
    },
    {
      "type": "Feature",
      "properties": {
        "hut_id": "munt-la-reita-ch",
        "hut": "Munt la Reita, CH",
        "name": "Munt la Reita",
        "country": "CH",
        "geocode_status": "OK",
        "formatted_address": "Munt la reita, 6684 Campo (Vallemaggia), Schweiz",
        "query_used": "Munt la Reita Switzerland",
        "reservation_url": "https://www.hut-reservation.org/reservation/book-hut/543/wizard",
        "website": "https://www.muntlareita.ch/"
      },
      "geometry": {
        "type": "Point",
        "coordinates": [
          8.483003,
          46.281955
        ]
      }
    },
    {
      "type": "Feature",
      "properties": {
        "hut_id": "mutthornhutte-sac-ch",
        "hut": "Mutthornhütte SAC, CH",
        "name": "Mutthornhütte SAC",
        "country": "CH",
        "geocode_status": "OK",
        "formatted_address": "3824 Lauterbrunnen, Schweiz",
        "query_used": "Mutthornhütte SAC Switzerland",
        "reservation_url": "https://www.hut-reservation.org/reservation/book-hut/14/wizard",
        "website": "http://www.mutthornhuette.ch/"
      },
      "geometry": {
        "type": "Point",
        "coordinates": [
          7.829508,
          46.486554
        ]
      }
    },
    {
      "type": "Feature",
      "properties": {
        "hut_id": "muttseehutte-sac-ch",
        "hut": "Muttseehütte SAC, CH",
        "name": "Muttseehütte SAC",
        "country": "CH",
        "geocode_status": "OK",
        "formatted_address": "8783 Glarus Süd, Schweiz",
        "query_used": "Muttseehütte SAC Switzerland",
        "reservation_url": "https://www.hut-reservation.org/reservation/book-hut/229/wizard",
        "website": "http://www.muttseehuette.ch/"
      },
      "geometry": {
        "type": "Point",
        "coordinates": [
          9.01875,
          46.8575
        ]
      }
    },
    {
      "type": "Feature",
      "properties": {
        "hut_id": "monchsjochhutte-ch",
        "hut": "Mönchsjochhütte, CH",
        "name": "Mönchsjochhütte",
        "country": "CH",
        "geocode_status": "OK",
        "formatted_address": "Obers Mönchsjoch, 3801 Jungfraujoch, Schweiz",
        "query_used": "Mönchsjochhütte Switzerland",
        "reservation_url": "https://www.hut-reservation.org/reservation/book-hut/77/wizard",
        "website": "http://www.moenchsjoch.ch/"
      },
      "geometry": {
        "type": "Point",
        "coordinates": [
          8.005589,
          46.554678
        ]
      }
    },
    {
      "type": "Feature",
      "properties": {
        "hut_id": "oberaarjochhutte-sac-ch",
        "hut": "Oberaarjochhütte SAC, CH",
        "name": "Oberaarjochhütte SAC",
        "country": "CH",
        "geocode_status": "OK",
        "formatted_address": "Oberaarjochhütte, 3984 Fieschertal, Schweiz",
        "query_used": "Oberaarjochhütte SAC Switzerland",
        "reservation_url": "https://www.hut-reservation.org/reservation/book-hut/15/wizard",
        "website": "http://www.oberaarjochhuette.ch/"
      },
      "geometry": {
        "type": "Point",
        "coordinates": [
          8.173,
          46.526
        ]
      }
    },
    {
      "type": "Feature",
      "properties": {
        "hut_id": "oberaletschhutte-sac-ch",
        "hut": "Oberaletschhütte SAC, CH",
        "name": "Oberaletschhütte SAC",
        "country": "CH",
        "geocode_status": "OK",
        "formatted_address": "Oberaletsch Gletscher, 3914 Naters, Schweiz",
        "query_used": "Oberaletschhütte SAC Switzerland",
        "reservation_url": "https://www.hut-reservation.org/reservation/book-hut/47/wizard",
        "website": "http://www.oberaletsch.ch/"
      },
      "geometry": {
        "type": "Point",
        "coordinates": [
          7.973875,
          46.425217
        ]
      }
    },
    {
      "type": "Feature",
      "properties": {
        "hut_id": "ostegghutte-ch",
        "hut": "Ostegghütte, CH",
        "name": "Ostegghütte",
        "country": "CH",
        "geocode_status": "OK",
        "formatted_address": "3818 Grindelwald, Schweiz",
        "query_used": "Ostegghütte Switzerland",
        "reservation_url": "https://www.hut-reservation.org/reservation/book-hut/748/wizard",
        "website": "https://www.mittellegi.ch/de/ostegghuette"
      },
      "geometry": {
        "type": "Point",
        "coordinates": [
          8.041153,
          46.600501
        ]
      }
    },
    {
      "type": "Feature",
      "properties": {
        "hut_id": "ostello-fusio-ch",
        "hut": "Ostello Fusio, CH",
        "name": "Ostello Fusio",
        "country": "CH",
        "geocode_status": "OK",
        "formatted_address": "Salee 7, 6696 Fusio, Schweiz",
        "query_used": "Ostello Fusio Switzerland",
        "reservation_url": "https://www.hut-reservation.org/reservation/book-hut/482/wizard",
        "website": "https://lavizzara.ch/it_CH/cultura-e-svago/turismo/ostello"
      },
      "geometry": {
        "type": "Point",
        "coordinates": [
          8.471349,
          46.316398
        ]
      }
    },
    {
      "type": "Feature",
      "properties": {
        "hut_id": "ostello-giovanibosco-ch",
        "hut": "Ostello GiovaniBosco, CH",
        "name": "Ostello GiovaniBosco",
        "country": "CH",
        "geocode_status": "OK",
        "formatted_address": "Schweiz",
        "query_used": "Ostello GiovaniBosco Switzerland",
        "reservation_url": "https://www.hut-reservation.org/reservation/book-hut/585/wizard",
        "website": "https://hotel-boscogurin.ch/it/ostello"
      },
      "geometry": {
        "type": "Point",
        "coordinates": [
          8.471349,
          46.316398
        ]
      }
    },
    {
      "type": "Feature",
      "properties": {
        "hut_id": "ramozhutte-sac-ch",
        "hut": "Ramozhütte SAC, CH",
        "name": "Ramozhütte SAC",
        "country": "CH",
        "geocode_status": "OK",
        "formatted_address": "7492 Albula/Alvra, Schweiz",
        "query_used": "Ramozhütte SAC Switzerland",
        "reservation_url": "https://www.hut-reservation.org/reservation/book-hut/246/wizard",
        "website": "https://www.sacarosa.ch/"
      },
      "geometry": {
        "type": "Point",
        "coordinates": [
          9.64372,
          46.73109
        ]
      }
    },
    {
      "type": "Feature",
      "properties": {
        "hut_id": "refuge-giacomini-ch",
        "hut": "Refuge Giacomini, CH",
        "name": "Refuge Giacomini",
        "country": "CH",
        "geocode_status": "OK",
        "formatted_address": "Alpage d'Anzeindaz, 1882 Gryon, Schweiz",
        "query_used": "Refuge Giacomini Switzerland",
        "reservation_url": "NA",
        "website": "NA"
      },
      "geometry": {
        "type": "Point",
        "coordinates": [
          7.162045,
          46.288302
        ]
      }
    },
    {
      "type": "Feature",
      "properties": {
        "hut_id": "refuge-des-petoudes-ch",
        "hut": "Refuge des Petoudes, CH",
        "name": "Refuge des Petoudes",
        "country": "CH",
        "geocode_status": "OK",
        "formatted_address": "1929, Trient, Schweiz",
        "query_used": "Refuge des Petoudes Switzerland",
        "reservation_url": "https://www.hut-reservation.org/reservation/book-hut/76/wizard",
        "website": "https://cas-diablerets.ch/cabanes/refuge-des-petoudes/"
      },
      "geometry": {
        "type": "Point",
        "coordinates": [
          7.011175,
          46.020069
        ]
      }
    },
    {
      "type": "Feature",
      "properties": {
        "hut_id": "refuge-du-lac-de-derborence-ch",
        "hut": "Refuge du lac de Derborence, CH",
        "name": "Refuge du lac de Derborence",
        "country": "CH",
        "geocode_status": "OK",
        "formatted_address": "Erde, 1964 Conthey, Schweiz",
        "query_used": "Refuge du lac de Derborence Switzerland",
        "reservation_url": "https://www.hut-reservation.org/reservation/book-hut/592/wizard",
        "website": "https://www.refugederborence.ch/"
      },
      "geometry": {
        "type": "Point",
        "coordinates": [
          7.21,
          46.28
        ]
      }
    },
    {
      "type": "Feature",
      "properties": {
        "hut_id": "rifugio-alpe-compiett-ch",
        "hut": "Rifugio Alpe Compiett, CH",
        "name": "Rifugio Alpe Compiett",
        "country": "CH",
        "geocode_status": "OK",
        "formatted_address": "Alpe di Compiett, 6710 Biasca, Schweiz",
        "query_used": "Rifugio Alpe Compiett Switzerland",
        "reservation_url": "https://www.hut-reservation.org/reservation/book-hut/595/wizard",
        "website": "https://www.patriziatobiasca.ch/page40.html"
      },
      "geometry": {
        "type": "Point",
        "coordinates": [
          9.00201,
          46.355335
        ]
      }
    },
    {
      "type": "Feature",
      "properties": {
        "hut_id": "rifugio-alpe-fontana-ch",
        "hut": "Rifugio Alpe Fontana, CH",
        "name": "Rifugio Alpe Fontana",
        "country": "CH",
        "geocode_status": "OK",
        "formatted_address": "Schweiz",
        "query_used": "Rifugio Alpe Fontana Switzerland",
        "reservation_url": "https://www.hut-reservation.org/reservation/book-hut/539/wizard",
        "website": "https://hut-reservation.notion.site/Assistenza-145c866368c3804cae27d3b5cf1fed03"
      },
      "geometry": {
        "type": "Point",
        "coordinates": [
          8.704557,
          46.407211
        ]
      }
    },
    {
      "type": "Feature",
      "properties": {
        "hut_id": "rifugio-alpe-masnee-ch",
        "hut": "Rifugio Alpe Masnée, CH",
        "name": "Rifugio Alpe Masnée",
        "country": "CH",
        "geocode_status": "OK",
        "formatted_address": "La caraa, 6673 Maggia, Schweiz",
        "query_used": "Rifugio Alpe Masnée Switzerland",
        "reservation_url": "https://www.hut-reservation.org/reservation/book-hut/480/wizard",
        "website": "http://patriziatomaggia.ch/masnee"
      },
      "geometry": {
        "type": "Point",
        "coordinates": [
          8.471349,
          46.316398
        ]
      }
    },
    {
      "type": "Feature",
      "properties": {
        "hut_id": "rifugio-alpe-spluga-ch",
        "hut": "Rifugio Alpe Spluga, CH",
        "name": "Rifugio Alpe Spluga",
        "country": "CH",
        "geocode_status": "OK",
        "formatted_address": "La lateria 6, 6678 Giumaglio, Schweiz",
        "query_used": "Rifugio Alpe Spluga Switzerland",
        "reservation_url": "https://www.hut-reservation.org/reservation/book-hut/481/wizard",
        "website": "http://www.alpespluga.ch/"
      },
      "geometry": {
        "type": "Point",
        "coordinates": [
          8.679129,
          46.31557
        ]
      }
    },
    {
      "type": "Feature",
      "properties": {
        "hut_id": "rifugio-bassa-di-nara-ch",
        "hut": "Rifugio Bassa di Nara , CH",
        "name": "Rifugio Bassa di Nara",
        "country": "CH",
        "geocode_status": "OK",
        "formatted_address": "Bassa di Nara, 6760 Faido, Schweiz",
        "query_used": "Rifugio Bassa di Nara Switzerland",
        "reservation_url": "https://www.hut-reservation.org/reservation/book-hut/735/wizard",
        "website": "https://via-alta-blenio-leventina.com/"
      },
      "geometry": {
        "type": "Point",
        "coordinates": [
          8.86798,
          46.4754999
        ]
      }
    },
    {
      "type": "Feature",
      "properties": {
        "hut_id": "rifugio-biasagn-ch",
        "hut": "Rifugio Biasagn, CH",
        "name": "Rifugio Biasagn",
        "country": "CH",
        "geocode_status": "OK",
        "formatted_address": "6710 Biasca, Schweiz",
        "query_used": "Rifugio Biasagn Switzerland",
        "reservation_url": "https://www.hut-reservation.org/reservation/book-hut/594/wizard",
        "website": "https://www.patriziatobiasca.ch/rifugio_biasagn.html"
      },
      "geometry": {
        "type": "Point",
        "coordinates": [
          9.036978,
          46.393349
        ]
      }
    },
    {
      "type": "Feature",
      "properties": {
        "hut_id": "rifugio-gana-rossa-ch",
        "hut": "Rifugio Gana Rossa, CH",
        "name": "Rifugio Gana Rossa",
        "country": "CH",
        "geocode_status": "OK",
        "formatted_address": "6760 Rossura, Schweiz",
        "query_used": "Rifugio Gana Rossa Switzerland",
        "reservation_url": "https://www.hut-reservation.org/reservation/book-hut/734/wizard",
        "website": "https://utoepizzomolare.ch/capanne/gana_rossa"
      },
      "geometry": {
        "type": "Point",
        "coordinates": [
          8.845722,
          46.506351
        ]
      }
    },
    {
      "type": "Feature",
      "properties": {
        "hut_id": "rifugio-garzonera-ch",
        "hut": "Rifugio Garzonera, CH",
        "name": "Rifugio Garzonera",
        "country": "CH",
        "geocode_status": "OK",
        "formatted_address": "Schweiz",
        "query_used": "Rifugio Garzonera Switzerland",
        "reservation_url": "https://www.hut-reservation.org/reservation/book-hut/698/wizard",
        "website": "https://www.satritom.ch/"
      },
      "geometry": {
        "type": "Point",
        "coordinates": [
          8.661362,
          46.499504
        ]
      }
    },
    {
      "type": "Feature",
      "properties": {
        "hut_id": "rifugio-giumela-ch",
        "hut": "Rifugio Giümela, CH",
        "name": "Rifugio Giümela",
        "country": "CH",
        "geocode_status": "OK",
        "formatted_address": "Schweiz",
        "query_used": "Rifugio Giümela Switzerland",
        "reservation_url": "https://www.hut-reservation.org/reservation/book-hut/581/wizard",
        "website": "https://www.patriziatobiasca.ch/"
      },
      "geometry": {
        "type": "Point",
        "coordinates": [
          9.081973,
          46.371613
        ]
      }
    },
    {
      "type": "Feature",
      "properties": {
        "hut_id": "rifugio-lago-ch",
        "hut": "Rifugio Lago, CH",
        "name": "Rifugio Lago",
        "country": "CH",
        "geocode_status": "OK",
        "formatted_address": "Rifugio, 4323 Wallbach, Schweiz",
        "query_used": "Rifugio Lago Switzerland",
        "reservation_url": "https://www.hut-reservation.org/reservation/book-hut/593/wizard",
        "website": "https://www.patriziatobiasca.ch/rifugio_lago.html"
      },
      "geometry": {
        "type": "Point",
        "coordinates": [
          9.019984,
          46.353786
        ]
      }
    },
    {
      "type": "Feature",
      "properties": {
        "hut_id": "rifugio-maria-luisa-ch",
        "hut": "Rifugio Maria Luisa, CH",
        "name": "Rifugio Maria Luisa",
        "country": "CH",
        "geocode_status": "OK",
        "formatted_address": "Schweiz",
        "query_used": "Rifugio Maria Luisa Switzerland",
        "reservation_url": "https://www.hut-reservation.org/reservation/book-hut/517/wizard",
        "website": "https://www.rifugiomarialuisa.it/"
      },
      "geometry": {
        "type": "Point",
        "coordinates": [
          8.42819,
          46.43477
        ]
      }
    },
    {
      "type": "Feature",
      "properties": {
        "hut_id": "rifugio-pian-di-crest-ch",
        "hut": "Rifugio Pian di Crest, CH",
        "name": "Rifugio Pian di Crest",
        "country": "CH",
        "geocode_status": "OK",
        "formatted_address": "6690 Bignasco, Schweiz",
        "query_used": "Rifugio Pian di Crest Switzerland",
        "reservation_url": "https://www.hut-reservation.org/reservation/book-hut/516/wizard",
        "website": "https://www.sav-vallemaggia.ch/tours/pian-di-crest/"
      },
      "geometry": {
        "type": "Point",
        "coordinates": [
          8.487152,
          46.391138
        ]
      }
    },
    {
      "type": "Feature",
      "properties": {
        "hut_id": "rifugio-ribia-ch",
        "hut": "Rifugio Ribia, CH",
        "name": "Rifugio Ribia",
        "country": "CH",
        "geocode_status": "OK",
        "formatted_address": "Vergeletto, 6661 Onsernone, Schweiz",
        "query_used": "Rifugio Ribia Switzerland",
        "reservation_url": "https://www.hut-reservation.org/reservation/book-hut/483/wizard",
        "website": "https://www.capanna-ribia.ch/"
      },
      "geometry": {
        "type": "Point",
        "coordinates": [
          8.54173,
          46.2515
        ]
      }
    },
    {
      "type": "Feature",
      "properties": {
        "hut_id": "rifugio-saoseo-cas-ch",
        "hut": "Rifugio Saoseo CAS, CH",
        "name": "Rifugio Saoseo CAS",
        "country": "CH",
        "geocode_status": "OK",
        "formatted_address": "Val di, 7742 Poschiavo, Schweiz",
        "query_used": "Rifugio Saoseo CAS Switzerland",
        "reservation_url": "https://www.hut-reservation.org/reservation/book-hut/341/wizard",
        "website": "http://www.saoseo.ch/"
      },
      "geometry": {
        "type": "Point",
        "coordinates": [
          10.11739,
          46.39849
        ]
      }
    },
    {
      "type": "Feature",
      "properties": {
        "hut_id": "rifugio-scaradra-ch",
        "hut": "Rifugio Scaradra, CH",
        "name": "Rifugio Scaradra",
        "country": "CH",
        "geocode_status": "OK",
        "formatted_address": "Rifugio Scaradra, 6719 Aquila, Schweiz",
        "query_used": "Rifugio Scaradra Switzerland",
        "reservation_url": "https://www.hut-reservation.org/reservation/book-hut/584/wizard",
        "website": "https://www.rifugioscaradra.ch/"
      },
      "geometry": {
        "type": "Point",
        "coordinates": [
          9.005902,
          46.555734
        ]
      }
    },
    {
      "type": "Feature",
      "properties": {
        "hut_id": "rifugio-la-reggia-ch",
        "hut": "Rifugio la Reggia, CH",
        "name": "Rifugio la Reggia",
        "country": "CH",
        "geocode_status": "OK",
        "formatted_address": "Nucleo, 6684 Campo (Vallemaggia), Schweiz",
        "query_used": "Rifugio la Reggia Switzerland",
        "reservation_url": "https://www.hut-reservation.org/reservation/book-hut/484/wizard",
        "website": "https://www.dinodb.ch/"
      },
      "geometry": {
        "type": "Point",
        "coordinates": [
          8.48671,
          46.28811
        ]
      }
    },
    {
      "type": "Feature",
      "properties": {
        "hut_id": "ringelspitzhutte-sac-ch",
        "hut": "Ringelspitzhütte SAC, CH",
        "name": "Ringelspitzhütte SAC",
        "country": "CH",
        "geocode_status": "OK",
        "formatted_address": "7015 Tamins, Schweiz",
        "query_used": "Ringelspitzhütte SAC Switzerland",
        "reservation_url": "https://www.hut-reservation.org/reservation/book-hut/514/wizard",
        "website": "https://www.ringelspitzhuette.ch/"
      },
      "geometry": {
        "type": "Point",
        "coordinates": [
          9.380734,
          46.865791
        ]
      }
    },
    {
      "type": "Feature",
      "properties": {
        "hut_id": "rothornhutte-sac-ch",
        "hut": "Rothornhütte SAC, CH",
        "name": "Rothornhütte SAC",
        "country": "CH",
        "geocode_status": "OK",
        "formatted_address": "3920 Zermatt, Schweiz",
        "query_used": "Rothornhütte SAC Switzerland",
        "reservation_url": "https://www.hut-reservation.org/reservation/book-hut/334/wizard",
        "website": "https://www.rothornhuette-sac.ch/"
      },
      "geometry": {
        "type": "Point",
        "coordinates": [
          7.697374,
          46.04858
        ]
      }
    },
    {
      "type": "Feature",
      "properties": {
        "hut_id": "rotondohutte-sac-ch",
        "hut": "Rotondohütte SAC, CH",
        "name": "Rotondohütte SAC",
        "country": "CH",
        "geocode_status": "OK",
        "formatted_address": "Unterdorf 1, 6491 Realp, Schweiz",
        "query_used": "Rotondohütte SAC Switzerland",
        "reservation_url": "https://www.hut-reservation.org/reservation/book-hut/404/wizard",
        "website": "https://www.rotondohuette.ch/"
      },
      "geometry": {
        "type": "Point",
        "coordinates": [
          8.48383,
          46.54494
        ]
      }
    },
    {
      "type": "Feature",
      "properties": {
        "hut_id": "rotstockhutte-ch",
        "hut": "Rotstockhütte, CH",
        "name": "Rotstockhütte",
        "country": "CH",
        "geocode_status": "OK",
        "formatted_address": "Poganggen, 3822 Lauterbrunnen, Schweiz",
        "query_used": "Rotstockhütte Switzerland",
        "reservation_url": "https://www.hut-reservation.org/reservation/book-hut/69/wizard",
        "website": "https://www.rotstockhuette.ch/"
      },
      "geometry": {
        "type": "Point",
        "coordinates": [
          7.838241,
          46.545135
        ]
      }
    },
    {
      "type": "Feature",
      "properties": {
        "hut_id": "rottalhutte-sac-ch",
        "hut": "Rottalhütte SAC, CH",
        "name": "Rottalhütte SAC",
        "country": "CH",
        "geocode_status": "OK",
        "formatted_address": "3824 Lauterbrunnen, Schweiz",
        "query_used": "Rottalhütte SAC Switzerland",
        "reservation_url": "https://www.hut-reservation.org/reservation/book-hut/498/wizard",
        "website": "https://www.sac-interlaken.ch/index.php/huetten/rottalhuette"
      },
      "geometry": {
        "type": "Point",
        "coordinates": [
          7.56,
          46.31
        ]
      }
    },
    {
      "type": "Feature",
      "properties": {
        "hut_id": "rugghubelhutte-sac-ch",
        "hut": "Rugghubelhütte SAC, CH",
        "name": "Rugghubelhütte SAC",
        "country": "CH",
        "geocode_status": "OK",
        "formatted_address": "Rugghubel, 6390 Engelberg, Schweiz",
        "query_used": "Rugghubelhütte SAC Switzerland",
        "reservation_url": "https://www.hut-reservation.org/reservation/book-hut/41/wizard",
        "website": "http://www.rugghubel.ch/"
      },
      "geometry": {
        "type": "Point",
        "coordinates": [
          8.462765,
          46.846222
        ]
      }
    },
    {
      "type": "Feature",
      "properties": {
        "hut_id": "salbithutte-sac-ch",
        "hut": "Salbithütte SAC, CH",
        "name": "Salbithütte SAC",
        "country": "CH",
        "geocode_status": "OK",
        "formatted_address": "6487 Göschenen, Schweiz",
        "query_used": "Salbithütte SAC Switzerland",
        "reservation_url": "https://www.hut-reservation.org/reservation/book-hut/227/wizard",
        "website": "http://www.salbit.ch/"
      },
      "geometry": {
        "type": "Point",
        "coordinates": [
          8.551785,
          46.676423
        ]
      }
    },
    {
      "type": "Feature",
      "properties": {
        "hut_id": "salbitschijenbiwak-sac-ch",
        "hut": "Salbitschijenbiwak SAC, CH",
        "name": "Salbitschijenbiwak SAC",
        "country": "CH",
        "geocode_status": "OK",
        "formatted_address": "6487 Göschenen, Schweiz",
        "query_used": "Salbitschijenbiwak SAC Switzerland",
        "reservation_url": "https://www.hut-reservation.org/reservation/book-hut/559/wizard",
        "website": "https://sac-mythen.ch/unsere-huetten/"
      },
      "geometry": {
        "type": "Point",
        "coordinates": [
          8.52369,
          46.67615
        ]
      }
    },
    {
      "type": "Feature",
      "properties": {
        "hut_id": "sardonahutte-sac-ch",
        "hut": "Sardonahütte SAC, CH",
        "name": "Sardonahütte SAC",
        "country": "CH",
        "geocode_status": "OK",
        "formatted_address": "7315 Pfäfers, Schweiz",
        "query_used": "Sardonahütte SAC Switzerland",
        "reservation_url": "https://www.hut-reservation.org/reservation/book-hut/486/wizard",
        "website": "https://www.sardonahuette.ch/"
      },
      "geometry": {
        "type": "Point",
        "coordinates": [
          9.27556,
          46.9156
        ]
      }
    },
    {
      "type": "Feature",
      "properties": {
        "hut_id": "schalijochbiwak-sac-ch",
        "hut": "Schalijochbiwak SAC, CH",
        "name": "Schalijochbiwak SAC",
        "country": "CH",
        "geocode_status": "OK",
        "formatted_address": "3928 Randa, Schweiz",
        "query_used": "Schalijochbiwak SAC Switzerland",
        "reservation_url": "https://www.hut-reservation.org/reservation/book-hut/348/wizard",
        "website": "https://www.sac-basel.ch/deutsch/huetten/schalijoch-biwak/"
      },
      "geometry": {
        "type": "Point",
        "coordinates": [
          7.709522,
          46.093315
        ]
      }
    },
    {
      "type": "Feature",
      "properties": {
        "hut_id": "schesaplana-hutte-ch",
        "hut": "Schesaplana Hütte, CH",
        "name": "Schesaplana Hütte",
        "country": "CH",
        "geocode_status": "OK",
        "formatted_address": "7212 Seewis im Prättigau, Schweiz",
        "query_used": "Schesaplana Hütte Switzerland",
        "reservation_url": "https://www.hut-reservation.org/reservation/book-hut/75/wizard",
        "website": "https://www.schesaplana-huette.ch/"
      },
      "geometry": {
        "type": "Point",
        "coordinates": [
          9.684209,
          47.0442
        ]
      }
    },
    {
      "type": "Feature",
      "properties": {
        "hut_id": "schilthornhutte-ch",
        "hut": "Schilthornhütte, CH",
        "name": "Schilthornhütte",
        "country": "CH",
        "geocode_status": "OK",
        "formatted_address": "3825, Lauterbrunnen, Schweiz",
        "query_used": "Schilthornhütte Switzerland",
        "reservation_url": "https://www.hut-reservation.org/reservation/book-hut/446/wizard",
        "website": "https://www.schilthornhuette.com/"
      },
      "geometry": {
        "type": "Point",
        "coordinates": [
          7.86251,
          46.5701
        ]
      }
    },
    {
      "type": "Feature",
      "properties": {
        "hut_id": "schreckhornhutte-sac-ch",
        "hut": "Schreckhornhütte SAC, CH",
        "name": "Schreckhornhütte SAC",
        "country": "CH",
        "geocode_status": "OK",
        "formatted_address": "3818 Grindelwald, Schweiz",
        "query_used": "Schreckhornhütte SAC Switzerland",
        "reservation_url": "https://www.hut-reservation.org/reservation/book-hut/204/wizard",
        "website": "https://www.schreckhornhuette.ch/"
      },
      "geometry": {
        "type": "Point",
        "coordinates": [
          8.098848,
          46.582222
        ]
      }
    },
    {
      "type": "Feature",
      "properties": {
        "hut_id": "schonbielhutte-sac-ch",
        "hut": "Schönbielhütte SAC, CH",
        "name": "Schönbielhütte SAC",
        "country": "CH",
        "geocode_status": "OK",
        "formatted_address": "Zermatt 3920, 3920 Zermatt, Schweiz",
        "query_used": "Schönbielhütte SAC Switzerland",
        "reservation_url": "https://www.hut-reservation.org/reservation/book-hut/308/wizard",
        "website": "https://haus-bielti.ch/schoenbielhuette/"
      },
      "geometry": {
        "type": "Point",
        "coordinates": [
          7.628976,
          46.00198
        ]
      }
    },
    {
      "type": "Feature",
      "properties": {
        "hut_id": "seetalhutte-sac-ch",
        "hut": "Seetalhütte SAC, CH",
        "name": "Seetalhütte SAC",
        "country": "CH",
        "geocode_status": "OK",
        "formatted_address": "7250 Klosters-Serneus, Schweiz",
        "query_used": "Seetalhütte SAC Switzerland",
        "reservation_url": "https://www.hut-reservation.org/reservation/book-hut/242/wizard",
        "website": "https://www.sac-praettigau.ch/index.php/huetten/seetalhuette"
      },
      "geometry": {
        "type": "Point",
        "coordinates": [
          10.0093,
          46.8739
        ]
      }
    },
    {
      "type": "Feature",
      "properties": {
        "hut_id": "sewenhutte-sac-ch",
        "hut": "Sewenhütte SAC, CH",
        "name": "Sewenhütte SAC",
        "country": "CH",
        "geocode_status": "OK",
        "formatted_address": "6485 Wassen, Schweiz",
        "query_used": "Sewenhütte SAC Switzerland",
        "reservation_url": "https://www.hut-reservation.org/reservation/book-hut/269/wizard",
        "website": "https://www.sewenhuette.ch/"
      },
      "geometry": {
        "type": "Point",
        "coordinates": [
          8.52,
          46.74
        ]
      }
    },
    {
      "type": "Feature",
      "properties": {
        "hut_id": "sidelenhutte-ch",
        "hut": "Sidelenhütte, CH",
        "name": "Sidelenhütte",
        "country": "CH",
        "geocode_status": "OK",
        "formatted_address": "6491 Realp, Schweiz",
        "query_used": "Sidelenhütte Switzerland",
        "reservation_url": "https://www.hut-reservation.org/reservation/book-hut/614/wizard",
        "website": "https://www.sidelen-huette.ch/"
      },
      "geometry": {
        "type": "Point",
        "coordinates": [
          8.4267483,
          46.597397
        ]
      }
    },
    {
      "type": "Feature",
      "properties": {
        "hut_id": "silberhornhutte-sac-ch",
        "hut": "Silberhornhütte SAC, CH",
        "name": "Silberhornhütte SAC",
        "country": "CH",
        "geocode_status": "OK",
        "formatted_address": "3824 Lauterbrunnen, Schweiz",
        "query_used": "Silberhornhütte SAC Switzerland",
        "reservation_url": "https://www.hut-reservation.org/reservation/book-hut/515/wizard",
        "website": "https://sac-lauterbrunnen.ch/huetten/silberhornhuette/"
      },
      "geometry": {
        "type": "Point",
        "coordinates": [
          7.93364,
          46.54901
        ]
      }
    },
    {
      "type": "Feature",
      "properties": {
        "hut_id": "silvrettahutte-sac-ch",
        "hut": "Silvrettahütte SAC, CH",
        "name": "Silvrettahütte SAC",
        "country": "CH",
        "geocode_status": "OK",
        "formatted_address": "7250 Klosters-Serneus, Schweiz",
        "query_used": "Silvrettahütte SAC Switzerland",
        "reservation_url": "https://www.hut-reservation.org/reservation/book-hut/80/wizard",
        "website": "https://www.silvrettahuette.ch/"
      },
      "geometry": {
        "type": "Point",
        "coordinates": [
          10.041452,
          46.8545
        ]
      }
    },
    {
      "type": "Feature",
      "properties": {
        "hut_id": "ski-und-ferienhaus-obergestelen-ch",
        "hut": "Ski- und Ferienhaus Obergestelen, CH",
        "name": "Ski- und Ferienhaus Obergestelen",
        "country": "CH",
        "geocode_status": "OK",
        "formatted_address": "Obergestelen, 3770 Zweisimmen, Schweiz",
        "query_used": "Ski- und Ferienhaus Obergestelen Switzerland",
        "reservation_url": "https://www.hut-reservation.org/reservation/book-hut/417/wizard",
        "website": "http://www.sac-obergestelen.ch/"
      },
      "geometry": {
        "type": "Point",
        "coordinates": [
          7.43225,
          46.58672
        ]
      }
    },
    {
      "type": "Feature",
      "properties": {
        "hut_id": "skihutte-elm-ch",
        "hut": "Skihütte Elm, CH",
        "name": "Skihütte Elm",
        "country": "CH",
        "geocode_status": "OK",
        "formatted_address": "Elm, 8767 Glarus Süd, Schweiz",
        "query_used": "Skihütte Elm Switzerland",
        "reservation_url": "https://www.hut-reservation.org/reservation/book-hut/405/wizard",
        "website": "https://sac-olten.ch/huetten/skihuette-elm"
      },
      "geometry": {
        "type": "Point",
        "coordinates": [
          9.1719536,
          46.918901
        ]
      }
    },
    {
      "type": "Feature",
      "properties": {
        "hut_id": "spannorthutte-sac-ch",
        "hut": "Spannorthütte SAC, CH",
        "name": "Spannorthütte SAC",
        "country": "CH",
        "geocode_status": "OK",
        "formatted_address": "6390 Attinghausen, Schweiz",
        "query_used": "Spannorthütte SAC Switzerland",
        "reservation_url": "https://www.hut-reservation.org/reservation/book-hut/244/wizard",
        "website": "https://www.spannorthuette.ch/"
      },
      "geometry": {
        "type": "Point",
        "coordinates": [
          8.509767,
          46.799824
        ]
      }
    },
    {
      "type": "Feature",
      "properties": {
        "hut_id": "spitzmeilenhutte-sac-ch",
        "hut": "Spitzmeilenhütte SAC, CH",
        "name": "Spitzmeilenhütte SAC",
        "country": "CH",
        "geocode_status": "OK",
        "formatted_address": "Obere Rüschstrasse 7, 8890 Flums, Schweiz",
        "query_used": "Spitzmeilenhütte SAC Switzerland",
        "reservation_url": "https://www.hut-reservation.org/reservation/book-hut/682/wizard",
        "website": "https://www.spitzmeilenhuette.ch/"
      },
      "geometry": {
        "type": "Point",
        "coordinates": [
          9.25065,
          47.0342
        ]
      }
    },
    {
      "type": "Feature",
      "properties": {
        "hut_id": "staldenmaadhutte-ch",
        "hut": "Staldenmaadhütte, CH",
        "name": "Staldenmaadhütte",
        "country": "CH",
        "geocode_status": "OK",
        "formatted_address": "3757 Schwenden im Diemtigtal, Schweiz",
        "query_used": "Staldenmaadhütte Switzerland",
        "reservation_url": "https://www.hut-reservation.org/reservation/book-hut/304/wizard",
        "website": "https://www.sac-kirchberg.ch/clubhuette.php"
      },
      "geometry": {
        "type": "Point",
        "coordinates": [
          7.4996,
          46.596
        ]
      }
    },
    {
      "type": "Feature",
      "properties": {
        "hut_id": "stockhornbiwak-sac-ch",
        "hut": "Stockhornbiwak SAC, CH",
        "name": "Stockhornbiwak SAC",
        "country": "CH",
        "geocode_status": "OK",
        "formatted_address": "3937 Baltschieder, Schweiz",
        "query_used": "Stockhornbiwak SAC Switzerland",
        "reservation_url": "https://www.hut-reservation.org/reservation/book-hut/527/wizard",
        "website": "http://stockhornbiwak.ch/"
      },
      "geometry": {
        "type": "Point",
        "coordinates": [
          7.88101,
          46.377958
        ]
      }
    },
    {
      "type": "Feature",
      "properties": {
        "hut_id": "sunnehusi-ch",
        "hut": "Sunnehüsi, CH",
        "name": "Sunnehüsi",
        "country": "CH",
        "geocode_status": "OK",
        "formatted_address": "Alte G. 10, 3704 Krattigen, Schweiz",
        "query_used": "Sunnehüsi Switzerland",
        "reservation_url": "https://www.hut-reservation.org/reservation/book-hut/326/wizard",
        "website": "http://www.sac-sunnehuesi.ch/"
      },
      "geometry": {
        "type": "Point",
        "coordinates": [
          7.44615,
          46.64372
        ]
      }
    },
    {
      "type": "Feature",
      "properties": {
        "hut_id": "sustlihutte-sac-ch",
        "hut": "Sustlihütte SAC, CH",
        "name": "Sustlihütte SAC",
        "country": "CH",
        "geocode_status": "OK",
        "formatted_address": "Schweiz",
        "query_used": "Sustlihütte SAC Switzerland",
        "reservation_url": "https://www.hut-reservation.org/reservation/book-hut/525/wizard",
        "website": "https://www.sustlihuette.ch/"
      },
      "geometry": {
        "type": "Point",
        "coordinates": [
          8.470734,
          46.751682
        ]
      }
    },
    {
      "type": "Feature",
      "properties": {
        "hut_id": "sagassahenki-jenisberg-ch",
        "hut": "Sägässähenki Jenisberg, CH",
        "name": "Sägässähenki Jenisberg",
        "country": "CH",
        "geocode_status": "OK",
        "formatted_address": "Jenisberg 20, 7494 Wiesen, Schweiz",
        "query_used": "Sägässähenki Jenisberg Switzerland",
        "reservation_url": "https://www.hut-reservation.org/reservation/book-hut/552/wizard",
        "website": "https://www.jenisberg.ch/"
      },
      "geometry": {
        "type": "Point",
        "coordinates": [
          9.726563,
          46.695129
        ]
      }
    },
    {
      "type": "Feature",
      "properties": {
        "hut_id": "terrihutte-sac-ch",
        "hut": "Terrihütte SAC, CH",
        "name": "Terrihütte SAC",
        "country": "CH",
        "geocode_status": "OK",
        "formatted_address": "Greina, 7173 Sumvitg, Schweiz",
        "query_used": "Terrihütte SAC Switzerland",
        "reservation_url": "https://www.hut-reservation.org/reservation/book-hut/16/wizard",
        "website": "http://www.terrihuette.ch/"
      },
      "geometry": {
        "type": "Point",
        "coordinates": [
          9.005067,
          46.634529
        ]
      }
    },
    {
      "type": "Feature",
      "properties": {
        "hut_id": "tierberglihutte-sac-ch",
        "hut": "Tierberglihütte SAC, CH",
        "name": "Tierberglihütte SAC",
        "country": "CH",
        "geocode_status": "OK",
        "formatted_address": "3863 Gadmen, Schweiz",
        "query_used": "Tierberglihütte SAC Switzerland",
        "reservation_url": "https://www.hut-reservation.org/reservation/book-hut/305/wizard",
        "website": "http://www.tierbergli.ch/"
      },
      "geometry": {
        "type": "Point",
        "coordinates": [
          8.414224,
          46.702072
        ]
      }
    },
    {
      "type": "Feature",
      "properties": {
        "hut_id": "tigias-plang-faller-ch",
        "hut": "Tigias Plang Faller, CH",
        "name": "Tigias Plang Faller",
        "country": "CH",
        "geocode_status": "OK",
        "formatted_address": "Mulegns, 7455 Surses, Schweiz",
        "query_used": "Tigias Plang Faller Switzerland",
        "reservation_url": "https://www.hut-reservation.org/reservation/book-hut/553/wizard",
        "website": "https://plang-faller.ch/"
      },
      "geometry": {
        "type": "Point",
        "coordinates": [
          9.0,
          46.503695
        ]
      }
    },
    {
      "type": "Feature",
      "properties": {
        "hut_id": "topalihutte-sac-ch",
        "hut": "Topalihütte SAC, CH",
        "name": "Topalihütte SAC",
        "country": "CH",
        "geocode_status": "OK",
        "formatted_address": "3927 St. Niklaus, Schweiz",
        "query_used": "Topalihütte SAC Switzerland",
        "reservation_url": "https://www.hut-reservation.org/reservation/book-hut/166/wizard",
        "website": "https://www.topalihuette.ch/"
      },
      "geometry": {
        "type": "Point",
        "coordinates": [
          7.76206,
          46.15717
        ]
      }
    },
    {
      "type": "Feature",
      "properties": {
        "hut_id": "treschhutte-sac-ch",
        "hut": "Treschhütte SAC, CH",
        "name": "Treschhütte SAC",
        "country": "CH",
        "geocode_status": "OK",
        "formatted_address": "Treschhütte 1, 6482 Gurtnellen, Schweiz",
        "query_used": "Treschhütte SAC Switzerland",
        "reservation_url": "NA",
        "website": "NA"
      },
      "geometry": {
        "type": "Point",
        "coordinates": [
          8.6495,
          46.71863
        ]
      }
    },
    {
      "type": "Feature",
      "properties": {
        "hut_id": "trifthutte-sac-ch",
        "hut": "Trifthütte SAC, CH",
        "name": "Trifthütte SAC",
        "country": "CH",
        "geocode_status": "OK",
        "formatted_address": "Grundstrasse 11, 3862 Innertkirchen, Schweiz",
        "query_used": "Trifthütte SAC Switzerland",
        "reservation_url": "https://www.hut-reservation.org/reservation/book-hut/28/wizard",
        "website": "https://www.trifthuette.ch/"
      },
      "geometry": {
        "type": "Point",
        "coordinates": [
          8.371172,
          46.674023
        ]
      }
    },
    {
      "type": "Feature",
      "properties": {
        "hut_id": "tschiervahutte-sac-ch",
        "hut": "Tschiervahütte SAC, CH",
        "name": "Tschiervahütte SAC",
        "country": "CH",
        "geocode_status": "OK",
        "formatted_address": "7504 Pontresina, Schweiz",
        "query_used": "Tschiervahütte SAC Switzerland",
        "reservation_url": "https://www.hut-reservation.org/reservation/book-hut/487/wizard",
        "website": "http://www.tschierva.ch/"
      },
      "geometry": {
        "type": "Point",
        "coordinates": [
          9.880131,
          46.40388
        ]
      }
    },
    {
      "type": "Feature",
      "properties": {
        "hut_id": "turtmannhutte-sac-ch",
        "hut": "Turtmannhütte SAC, CH",
        "name": "Turtmannhütte SAC",
        "country": "CH",
        "geocode_status": "OK",
        "formatted_address": "3946 Turtmann-Unterems, Schweiz",
        "query_used": "Turtmannhütte SAC Switzerland",
        "reservation_url": "https://www.hut-reservation.org/reservation/book-hut/530/wizard",
        "website": "https://www.cas-prevotoise.ch/cabanes/turtmannhtte.php"
      },
      "geometry": {
        "type": "Point",
        "coordinates": [
          7.699618,
          46.160075
        ]
      }
    },
    {
      "type": "Feature",
      "properties": {
        "hut_id": "taschhutte-sac-ch",
        "hut": "Täschhütte SAC, CH",
        "name": "Täschhütte SAC",
        "country": "CH",
        "geocode_status": "OK",
        "formatted_address": "3929 Täsch, Schweiz",
        "query_used": "Täschhütte SAC Switzerland",
        "reservation_url": "https://www.hut-reservation.org/reservation/book-hut/51/wizard",
        "website": "http://www.taeschhuette.ch/"
      },
      "geometry": {
        "type": "Point",
        "coordinates": [
          7.82994,
          46.05159
        ]
      }
    },
    {
      "type": "Feature",
      "properties": {
        "hut_id": "vermigelhutte-ch",
        "hut": "Vermigelhütte, CH",
        "name": "Vermigelhütte",
        "country": "CH",
        "geocode_status": "OK",
        "formatted_address": "Unteralptal, 6490 Andermatt, Schweiz",
        "query_used": "Vermigelhütte Switzerland",
        "reservation_url": "https://www.hut-reservation.org/reservation/book-hut/318/wizard",
        "website": "http://www.vermigelhuette.ch/"
      },
      "geometry": {
        "type": "Point",
        "coordinates": [
          8.65678,
          46.59709
        ]
      }
    },
    {
      "type": "Feature",
      "properties": {
        "hut_id": "voralphutte-sac-ch",
        "hut": "Voralphütte SAC, CH",
        "name": "Voralphütte SAC",
        "country": "CH",
        "geocode_status": "OK",
        "formatted_address": "6487 Voralptal, Schweiz",
        "query_used": "Voralphütte SAC Switzerland",
        "reservation_url": "https://www.hut-reservation.org/reservation/book-hut/259/wizard",
        "website": "https://www.voralphuette.ch/"
      },
      "geometry": {
        "type": "Point",
        "coordinates": [
          8.487712,
          46.690552
        ]
      }
    },
    {
      "type": "Feature",
      "properties": {
        "hut_id": "weisshornhutte-sac-ch",
        "hut": "Weisshornhütte SAC, CH",
        "name": "Weisshornhütte SAC",
        "country": "CH",
        "geocode_status": "OK",
        "formatted_address": "3928 Randa, Schweiz",
        "query_used": "Weisshornhütte SAC Switzerland",
        "reservation_url": "https://www.hut-reservation.org/reservation/book-hut/672/wizard",
        "website": "https://www.sac-basel.ch/"
      },
      "geometry": {
        "type": "Point",
        "coordinates": [
          7.743592,
          46.086247
        ]
      }
    },
    {
      "type": "Feature",
      "properties": {
        "hut_id": "weissmieshutten-sac-ch",
        "hut": "Weissmieshütten SAC, CH",
        "name": "Weissmieshütten SAC",
        "country": "CH",
        "geocode_status": "OK",
        "formatted_address": "Weissmieshütte, 3910 Saas Grund, Schweiz",
        "query_used": "Weissmieshütten SAC Switzerland",
        "reservation_url": "https://www.hut-reservation.org/reservation/book-hut/209/wizard",
        "website": "http://www.weissmieshuette.ch/"
      },
      "geometry": {
        "type": "Point",
        "coordinates": [
          7.977938,
          46.143814
        ]
      }
    },
    {
      "type": "Feature",
      "properties": {
        "hut_id": "wildhornhutte-sac-ch",
        "hut": "Wildhornhütte SAC, CH",
        "name": "Wildhornhütte SAC",
        "country": "CH",
        "geocode_status": "OK",
        "formatted_address": "Wildhornhütte, 3775 Lenk, Schweiz",
        "query_used": "Wildhornhütte SAC Switzerland",
        "reservation_url": "https://www.hut-reservation.org/reservation/book-hut/164/wizard",
        "website": "http://www.wildhornhuette.ch/"
      },
      "geometry": {
        "type": "Point",
        "coordinates": [
          7.38801,
          46.37929
        ]
      }
    },
    {
      "type": "Feature",
      "properties": {
        "hut_id": "wildstrubelhutte-sac-ch",
        "hut": "Wildstrubelhütte SAC, CH",
        "name": "Wildstrubelhütte SAC",
        "country": "CH",
        "geocode_status": "OK",
        "formatted_address": "3775 Lenk, Schweiz",
        "query_used": "Wildstrubelhütte SAC Switzerland",
        "reservation_url": "https://www.hut-reservation.org/reservation/book-hut/65/wizard",
        "website": "https://www.wildstrubelhuette.ch/"
      },
      "geometry": {
        "type": "Point",
        "coordinates": [
          7.469,
          46.383
        ]
      }
    },
    {
      "type": "Feature",
      "properties": {
        "hut_id": "windegghutte-sac-ch",
        "hut": "Windegghütte SAC, CH",
        "name": "Windegghütte SAC",
        "country": "CH",
        "geocode_status": "OK",
        "formatted_address": "3863 Gadmen, Schweiz",
        "query_used": "Windegghütte SAC Switzerland",
        "reservation_url": "https://www.hut-reservation.org/reservation/book-hut/214/wizard",
        "website": "http://www.windegghuette.ch/"
      },
      "geometry": {
        "type": "Point",
        "coordinates": [
          8.34803,
          46.695
        ]
      }
    },
    {
      "type": "Feature",
      "properties": {
        "hut_id": "windgallenhutte-aacz-ch",
        "hut": "Windgällenhütte AACZ, CH",
        "name": "Windgällenhütte AACZ",
        "country": "CH",
        "geocode_status": "OK",
        "formatted_address": "Golzeralpen, 6475 Silenen, Schweiz",
        "query_used": "Windgällenhütte AACZ Switzerland",
        "reservation_url": "https://www.hut-reservation.org/reservation/book-hut/45/wizard",
        "website": "https://www.windgaellenhuette.ch/"
      },
      "geometry": {
        "type": "Point",
        "coordinates": [
          8.76,
          46.79
        ]
      }
    },
    {
      "type": "Feature",
      "properties": {
        "hut_id": "winteregghutte-ch",
        "hut": "Winteregghütte, CH",
        "name": "Winteregghütte",
        "country": "CH",
        "geocode_status": "OK",
        "formatted_address": "3718 Kandersteg, Schweiz",
        "query_used": "Winteregghütte Switzerland",
        "reservation_url": "https://www.hut-reservation.org/reservation/book-hut/263/wizard",
        "website": "https://www.sac-biel.ch/huetten/winteregg.php"
      },
      "geometry": {
        "type": "Point",
        "coordinates": [
          7.649975,
          46.460438
        ]
      }
    },
    {
      "type": "Feature",
      "properties": {
        "hut_id": "zzz-test-monbijouhutte-ch",
        "hut": "ZZZ TEST Monbijouhütte, CH",
        "name": "ZZZ TEST Monbijouhütte",
        "country": "CH",
        "geocode_status": "OK",
        "formatted_address": "Schweiz",
        "query_used": "ZZZ TEST Monbijouhütte Switzerland",
        "reservation_url": "https://www.hut-reservation.org/reservation/book-hut/346/wizard",
        "website": "https://www.sac-cas.ch/"
      },
      "geometry": {
        "type": "Point",
        "coordinates": [
          7.435092,
          46.944618
        ]
      }
    },
    {
      "type": "Feature",
      "properties": {
        "hut_id": "zapporthutte-sac-ch",
        "hut": "Zapporthütte SAC, CH",
        "name": "Zapporthütte SAC",
        "country": "CH",
        "geocode_status": "OK",
        "formatted_address": "7438 Hinterrhein, Schweiz",
        "query_used": "Zapporthütte SAC Switzerland",
        "reservation_url": "https://www.hut-reservation.org/reservation/book-hut/371/wizard",
        "website": "https://www.zapporthuette.ch/"
      },
      "geometry": {
        "type": "Point",
        "coordinates": [
          9.09393,
          46.5
        ]
      }
    },
    {
      "type": "Feature",
      "properties": {
        "hut_id": "zwinglipasshutte-ch",
        "hut": "Zwinglipasshütte, CH",
        "name": "Zwinglipasshütte",
        "country": "CH",
        "geocode_status": "OK",
        "formatted_address": "9658 Wildhaus, Schweiz",
        "query_used": "Zwinglipasshütte Switzerland",
        "reservation_url": "https://www.hut-reservation.org/reservation/book-hut/30/wizard",
        "website": "http://www.sac-toggenburg.ch/clubhuette/"
      },
      "geometry": {
        "type": "Point",
        "coordinates": [
          9.37,
          47.23
        ]
      }
    },
    {
      "type": "Feature",
      "properties": {
        "hut_id": "augstenhutte-ch",
        "hut": "Äugstenhütte, CH",
        "name": "Äugstenhütte",
        "country": "CH",
        "geocode_status": "OK",
        "formatted_address": "8755 Ennenda, Schweiz",
        "query_used": "Äugstenhütte Switzerland",
        "reservation_url": "https://www.hut-reservation.org/reservation/book-hut/589/wizard",
        "website": "https://www.aeugstenhuette.ch/"
      },
      "geometry": {
        "type": "Point",
        "coordinates": [
          9.106704,
          47.027371
        ]
      }
    },
    {
      "type": "Feature",
      "properties": {
        "hut_id": "august-schuster-haus-de",
        "hut": "August-Schuster-Haus, DE",
        "name": "August-Schuster-Haus",
        "country": "DE",
        "geocode_status": "OK",
        "formatted_address": "Pürschlingweg, 82497 Unterammergau, Deutschland",
        "query_used": "August-Schuster-Haus Germany",
        "reservation_url": "https://www.hut-reservation.org/reservation/book-hut/613/wizard",
        "website": "https://august-schuster-haus.de/"
      },
      "geometry": {
        "type": "Point",
        "coordinates": [
          10.992427,
          47.583752
        ]
      }
    },
    {
      "type": "Feature",
      "properties": {
        "hut_id": "bergsteigerunterkunft-lauschige-ecke-de",
        "hut": "Bergsteigerunterkunft Lauschige Ecke, DE",
        "name": "Bergsteigerunterkunft Lauschige Ecke",
        "country": "DE",
        "geocode_status": "OK",
        "formatted_address": "Watzmannstraße 2, 83483 Bischofswiesen, Deutschland",
        "query_used": "Bergsteigerunterkunft Lauschige Ecke Germany",
        "reservation_url": "https://www.hut-reservation.org/reservation/book-hut/107/wizard",
        "website": "http://dav-berchtesgaden.de/"
      },
      "geometry": {
        "type": "Point",
        "coordinates": [
          12.976388,
          47.622288
        ]
      }
    },
    {
      "type": "Feature",
      "properties": {
        "hut_id": "biwak-enzianhutte-rhon-de",
        "hut": "Biwak - Enzianhütte Rhön, DE",
        "name": "Biwak - Enzianhütte Rhön",
        "country": "DE",
        "geocode_status": "OK",
        "formatted_address": "Bornbergstraße, 36115 Hilders, Deutschland",
        "query_used": "Biwak - Enzianhütte Rhön Germany",
        "reservation_url": "https://www.hut-reservation.org/reservation/book-hut/602/wizard",
        "website": "https://www.enzianhuette-rhoen.de/"
      },
      "geometry": {
        "type": "Point",
        "coordinates": [
          9.91,
          50.52
        ]
      }
    },
    {
      "type": "Feature",
      "properties": {
        "hut_id": "blaueishutte-de",
        "hut": "Blaueishütte, DE",
        "name": "Blaueishütte",
        "country": "DE",
        "geocode_status": "OK",
        "formatted_address": "Blaueishütte, Hinterseer Str 101, 83486 Ramsau bei Berchtesgaden, Deutschland",
        "query_used": "Blaueishütte Germany",
        "reservation_url": "https://www.hut-reservation.org/reservation/book-hut/81/wizard",
        "website": "https://www.blaueishuette.de/"
      },
      "geometry": {
        "type": "Point",
        "coordinates": [
          12.8695,
          47.5868
        ]
      }
    },
    {
      "type": "Feature",
      "properties": {
        "hut_id": "bodenschneidhaus-de",
        "hut": "Bodenschneidhaus, DE",
        "name": "Bodenschneidhaus",
        "country": "DE",
        "geocode_status": "OK",
        "formatted_address": "Bodenschneid 1, 83727 Schliersee, Deutschland",
        "query_used": "Bodenschneidhaus Germany",
        "reservation_url": "https://www.hut-reservation.org/reservation/book-hut/218/wizard",
        "website": "https://www.bodenschneidhaus.de/"
      },
      "geometry": {
        "type": "Point",
        "coordinates": [
          11.84845,
          47.67891
        ]
      }
    },
    {
      "type": "Feature",
      "properties": {
        "hut_id": "brunnenkopfhauser-de",
        "hut": "Brunnenkopfhäuser, DE",
        "name": "Brunnenkopfhäuser",
        "country": "DE",
        "geocode_status": "OK",
        "formatted_address": "82488 Ettaler Forst, Deutschland",
        "query_used": "Brunnenkopfhäuser Germany",
        "reservation_url": "https://www.hut-reservation.org/reservation/book-hut/286/wizard",
        "website": "https://brunnenkopfhuette.com/"
      },
      "geometry": {
        "type": "Point",
        "coordinates": [
          10.927067,
          47.581269
        ]
      }
    },
    {
      "type": "Feature",
      "properties": {
        "hut_id": "dav-haus-spitzingsee-de",
        "hut": "DAV-Haus-Spitzingsee, DE",
        "name": "DAV-Haus-Spitzingsee",
        "country": "DE",
        "geocode_status": "OK",
        "formatted_address": "Stümpflingweg 1, 83727 Schliersee, Deutschland",
        "query_used": "DAV-Haus-Spitzingsee Germany",
        "reservation_url": "https://www.hut-reservation.org/reservation/book-hut/256/wizard",
        "website": "https://www.alpenverein-muenchen-oberland.de/selbstversorgerhuetten/haus-spitzingsee"
      },
      "geometry": {
        "type": "Point",
        "coordinates": [
          11.882484,
          47.669957
        ]
      }
    },
    {
      "type": "Feature",
      "properties": {
        "hut_id": "dessauer-hutte-de",
        "hut": "Dessauer Hütte, DE",
        "name": "Dessauer Hütte",
        "country": "DE",
        "geocode_status": "OK",
        "formatted_address": "Bauerngasse 90, 01824 Gohrisch, Deutschland",
        "query_used": "Dessauer Hütte Germany",
        "reservation_url": "https://www.hut-reservation.org/reservation/book-hut/131/wizard",
        "website": "https://www.dav-dessau.de/huette"
      },
      "geometry": {
        "type": "Point",
        "coordinates": [
          14.135762,
          50.897333
        ]
      }
    },
    {
      "type": "Feature",
      "properties": {
        "hut_id": "enzianhutte-rhon-de",
        "hut": "Enzianhütte/Rhön, DE",
        "name": "Enzianhütte/Rhön",
        "country": "DE",
        "geocode_status": "OK",
        "formatted_address": "Bornbergstraße, 36115 Hilders, Deutschland",
        "query_used": "Enzianhütte/Rhön Germany",
        "reservation_url": "https://www.hut-reservation.org/reservation/book-hut/576/wizard",
        "website": "https://www.enzianhuette-rhoen.de/"
      },
      "geometry": {
        "type": "Point",
        "coordinates": [
          9.91,
          50.52
        ]
      }
    },
    {
      "type": "Feature",
      "properties": {
        "hut_id": "fritz-putz-hutte-de",
        "hut": "Fritz-Putz Hütte, DE",
        "name": "Fritz-Putz Hütte",
        "country": "DE",
        "geocode_status": "OK",
        "formatted_address": "Bleckenaustraße 3, 87645 Schwangau, Deutschland",
        "query_used": "Fritz-Putz Hütte Germany",
        "reservation_url": "https://www.hut-reservation.org/reservation/book-hut/83/wizard",
        "website": "https://www.alpenverein-fuessen.de/huetten/fritz-putz-huette"
      },
      "geometry": {
        "type": "Point",
        "coordinates": [
          10.77347,
          47.53806
        ]
      }
    },
    {
      "type": "Feature",
      "properties": {
        "hut_id": "hanslberghutte-de",
        "hut": "Hanslberghütte, DE",
        "name": "Hanslberghütte",
        "country": "DE",
        "geocode_status": "OK",
        "formatted_address": "93077 Bad Abbach, Deutschland",
        "query_used": "Hanslberghütte Germany",
        "reservation_url": "https://www.hut-reservation.org/reservation/book-hut/537/wizard",
        "website": "https://www.alpenverein-regensburg.de/huetten/huetten-der-sektion/hanslberghuette"
      },
      "geometry": {
        "type": "Point",
        "coordinates": [
          12.005885,
          48.953357
        ]
      }
    },
    {
      "type": "Feature",
      "properties": {
        "hut_id": "haus-don-bosco-de",
        "hut": "Haus Don Bosco, DE",
        "name": "Haus Don Bosco",
        "country": "DE",
        "geocode_status": "OK",
        "formatted_address": "Salesianerweg 5, 78464 Konstanz-Petershausen-Ost, Deutschland",
        "query_used": "Haus Don Bosco Germany",
        "reservation_url": "https://www.hut-reservation.org/reservation/book-hut/611/wizard",
        "website": "http://dav-pfullendorf.de/"
      },
      "geometry": {
        "type": "Point",
        "coordinates": [
          9.997,
          47.323
        ]
      }
    },
    {
      "type": "Feature",
      "properties": {
        "hut_id": "haus-und-hutte-hammer-de",
        "hut": "Haus und Hütte Hammer, DE",
        "name": "Haus und Hütte Hammer",
        "country": "DE",
        "geocode_status": "OK",
        "formatted_address": "Deutschland",
        "query_used": "Haus und Hütte Hammer Germany",
        "reservation_url": "https://www.hut-reservation.org/reservation/book-hut/282/wizard",
        "website": "https://www.haus-hammer.de/"
      },
      "geometry": {
        "type": "Point",
        "coordinates": [
          11.94016,
          47.70373
        ]
      }
    },
    {
      "type": "Feature",
      "properties": {
        "hut_id": "hochlandhutte-de",
        "hut": "Hochlandhütte, DE",
        "name": "Hochlandhütte",
        "country": "DE",
        "geocode_status": "OK",
        "formatted_address": "82481 Mittenwald, Deutschland",
        "query_used": "Hochlandhütte Germany",
        "reservation_url": "https://www.hut-reservation.org/reservation/book-hut/725/wizard",
        "website": "https://www.alpenverein-hochland.de/huetten/Hochlandhuette"
      },
      "geometry": {
        "type": "Point",
        "coordinates": [
          11.318772,
          47.450916
        ]
      }
    },
    {
      "type": "Feature",
      "properties": {
        "hut_id": "hochrieshutte-de",
        "hut": "Hochrieshütte, DE",
        "name": "Hochrieshütte",
        "country": "DE",
        "geocode_status": "OK",
        "formatted_address": "Hochries Gipfel 1, 83122 Samerberg, Deutschland",
        "query_used": "Hochrieshütte Germany",
        "reservation_url": "https://www.hut-reservation.org/reservation/book-hut/130/wizard",
        "website": "https://www.hochrieshuette.de/"
      },
      "geometry": {
        "type": "Point",
        "coordinates": [
          12.248889,
          47.7475
        ]
      }
    },
    {
      "type": "Feature",
      "properties": {
        "hut_id": "hollentalangerhutte-de",
        "hut": "Höllentalangerhütte, DE",
        "name": "Höllentalangerhütte",
        "country": "DE",
        "geocode_status": "OK",
        "formatted_address": "Postfach 1435, 82491 Grainau, Deutschland",
        "query_used": "Höllentalangerhütte Germany",
        "reservation_url": "https://www.hut-reservation.org/reservation/book-hut/73/wizard",
        "website": "https://www.davplus.de/hoellentalangerhuette"
      },
      "geometry": {
        "type": "Point",
        "coordinates": [
          11.02523,
          47.438
        ]
      }
    },
    {
      "type": "Feature",
      "properties": {
        "hut_id": "huttenrunde-gipfelwege-de",
        "hut": "Hüttenrunde Gipfelwege, DE",
        "name": "Hüttenrunde Gipfelwege",
        "country": "DE",
        "geocode_status": "OK",
        "formatted_address": "Deutschland",
        "query_used": "Hüttenrunde Gipfelwege Germany",
        "reservation_url": "https://www.hut-reservation.org/reservation/book-hut/526/wizard",
        "website": "https://www.dav-berchtesgaden.de/huetten-wege/huettenrunde-gipfelwege.html"
      },
      "geometry": {
        "type": "Point",
        "coordinates": [
          10.451526,
          51.165691
        ]
      }
    },
    {
      "type": "Feature",
      "properties": {
        "hut_id": "jonsdorfer-hutte-de",
        "hut": "Jonsdorfer Hütte, DE",
        "name": "Jonsdorfer Hütte",
        "country": "DE",
        "geocode_status": "OK",
        "formatted_address": "Kammweg 8, 02796 Jonsdorf-Kurort Jonsdorf, Deutschland",
        "query_used": "Jonsdorfer Hütte Germany",
        "reservation_url": "https://www.hut-reservation.org/reservation/book-hut/258/wizard",
        "website": "http://dav-zittau.de/index.php?rubrik=H%FCtte%20Jonsdorf&topic=123"
      },
      "geometry": {
        "type": "Point",
        "coordinates": [
          14.6952,
          50.8513
        ]
      }
    },
    {
      "type": "Feature",
      "properties": {
        "hut_id": "jugendbildungsstatte-winterraum-de",
        "hut": "Jugendbildungsstätte Winterraum, DE",
        "name": "Jugendbildungsstätte Winterraum",
        "country": "DE",
        "geocode_status": "OK",
        "formatted_address": "Deutschland",
        "query_used": "Jugendbildungsstätte Winterraum Germany",
        "reservation_url": "https://www.hut-reservation.org/reservation/book-hut/344/wizard",
        "website": "https://www.jubi-hindelang.de/"
      },
      "geometry": {
        "type": "Point",
        "coordinates": [
          10.385326,
          47.506154
        ]
      }
    },
    {
      "type": "Feature",
      "properties": {
        "hut_id": "karl-stein-hutte-de",
        "hut": "Karl-Stein-Hütte, DE",
        "name": "Karl-Stein-Hütte",
        "country": "DE",
        "geocode_status": "OK",
        "formatted_address": "Wehlener Weg 18, 01824 Rathen, Deutschland",
        "query_used": "Karl-Stein-Hütte Germany",
        "reservation_url": "https://www.hut-reservation.org/reservation/book-hut/461/wizard",
        "website": "https://www.dav-leipzig.de/huetten/Karl-Stein-Hutte/2693"
      },
      "geometry": {
        "type": "Point",
        "coordinates": [
          14.059685,
          50.960052
        ]
      }
    },
    {
      "type": "Feature",
      "properties": {
        "hut_id": "kaufbeurer-haus-de",
        "hut": "Kaufbeurer Haus, DE",
        "name": "Kaufbeurer Haus",
        "country": "DE",
        "geocode_status": "OK",
        "formatted_address": "Deutschland",
        "query_used": "Kaufbeurer Haus Germany",
        "reservation_url": "https://www.hut-reservation.org/reservation/book-hut/677/wizard",
        "website": "https://dav-allgaeu-immenstadt.de/huetten/kaufbeurer-haus/"
      },
      "geometry": {
        "type": "Point",
        "coordinates": [
          10.456899,
          47.341847
        ]
      }
    },
    {
      "type": "Feature",
      "properties": {
        "hut_id": "knorrhutte-de",
        "hut": "Knorrhütte, DE",
        "name": "Knorrhütte",
        "country": "DE",
        "geocode_status": "OK",
        "formatted_address": "Am Zugspitzplatt 1, 82467 Garmisch-Partenkirchen, Deutschland",
        "query_used": "Knorrhütte Germany",
        "reservation_url": "https://www.hut-reservation.org/reservation/book-hut/149/wizard",
        "website": "https://www.knorrhuette.de/"
      },
      "geometry": {
        "type": "Point",
        "coordinates": [
          11.012802,
          47.410012
        ]
      }
    },
    {
      "type": "Feature",
      "properties": {
        "hut_id": "kreuzeckhaus-de",
        "hut": "Kreuzeckhaus, DE",
        "name": "Kreuzeckhaus",
        "country": "DE",
        "geocode_status": "OK",
        "formatted_address": "Am Kreuzeck 1, 82467 Garmisch-Partenkirchen, Deutschland",
        "query_used": "Kreuzeckhaus Germany",
        "reservation_url": "https://www.hut-reservation.org/reservation/book-hut/373/wizard",
        "website": "https://www.kreuzeckhaus.net/"
      },
      "geometry": {
        "type": "Point",
        "coordinates": [
          11.0661,
          47.45216
        ]
      }
    },
    {
      "type": "Feature",
      "properties": {
        "hut_id": "karlingerhaus-de",
        "hut": "Kärlingerhaus, DE",
        "name": "Kärlingerhaus",
        "country": "DE",
        "geocode_status": "OK",
        "formatted_address": "Königssee 7, 83471 Schönau am Königssee, Deutschland",
        "query_used": "Kärlingerhaus Germany",
        "reservation_url": "https://www.hut-reservation.org/reservation/book-hut/195/wizard",
        "website": "https://www.kaerlingerhaus.de/"
      },
      "geometry": {
        "type": "Point",
        "coordinates": [
          12.937222,
          47.495556
        ]
      }
    },
    {
      "type": "Feature",
      "properties": {
        "hut_id": "lenggrieser-hutte-de",
        "hut": "Lenggrieser Hütte, DE",
        "name": "Lenggrieser Hütte",
        "country": "DE",
        "geocode_status": "OK",
        "formatted_address": "Seekaralm 2, 83661 Lenggries, Deutschland",
        "query_used": "Lenggrieser Hütte Germany",
        "reservation_url": "https://www.hut-reservation.org/reservation/book-hut/139/wizard",
        "website": "https://www.lenggrieserhuette.de/"
      },
      "geometry": {
        "type": "Point",
        "coordinates": [
          11.63,
          47.65
        ]
      }
    },
    {
      "type": "Feature",
      "properties": {
        "hut_id": "munchner-haus-de",
        "hut": "Münchner Haus, DE",
        "name": "Münchner Haus",
        "country": "DE",
        "geocode_status": "OK",
        "formatted_address": "An der Zugspitze 2, 82475 Grainau, Deutschland",
        "query_used": "Münchner Haus Germany",
        "reservation_url": "https://www.hut-reservation.org/reservation/book-hut/150/wizard",
        "website": "https://www.muenchnerhaus.de/"
      },
      "geometry": {
        "type": "Point",
        "coordinates": [
          10.98492,
          47.42119
        ]
      }
    },
    {
      "type": "Feature",
      "properties": {
        "hut_id": "neue-traunsteiner-hutte-de",
        "hut": "Neue Traunsteiner Hütte, DE",
        "name": "Neue Traunsteiner Hütte",
        "country": "DE",
        "geocode_status": "OK",
        "formatted_address": "Reiteralpe 1, 83458 Schneizlreuth, Deutschland",
        "query_used": "Neue Traunsteiner Hütte Germany",
        "reservation_url": "https://www.hut-reservation.org/reservation/book-hut/452/wizard",
        "website": "https://www.traunsteinerhuette.com/"
      },
      "geometry": {
        "type": "Point",
        "coordinates": [
          12.80096,
          47.6283
        ]
      }
    },
    {
      "type": "Feature",
      "properties": {
        "hut_id": "obere-maxlraineralm-de",
        "hut": "Obere Maxlraineralm, DE",
        "name": "Obere Maxlraineralm",
        "country": "DE",
        "geocode_status": "OK",
        "formatted_address": "Obere Maxlraineralm, 83727 Schliersee, Deutschland",
        "query_used": "Obere Maxlraineralm Germany",
        "reservation_url": "https://www.hut-reservation.org/reservation/book-hut/591/wizard",
        "website": "https://www.obere-maxlraineralm.com/"
      },
      "geometry": {
        "type": "Point",
        "coordinates": [
          11.888306,
          47.661461
        ]
      }
    },
    {
      "type": "Feature",
      "properties": {
        "hut_id": "ostwandlager-de",
        "hut": "Ostwandlager, DE",
        "name": "Ostwandlager",
        "country": "DE",
        "geocode_status": "OK",
        "formatted_address": "Kessel-St Bartholomä 2, 83471 Schönau am Königssee, Deutschland",
        "query_used": "Ostwandlager Germany",
        "reservation_url": "https://www.hut-reservation.org/reservation/book-hut/536/wizard",
        "website": "https://www.dav-berchtesgaden.de/Huetten/Selbstversorgerhuetten/Ostwandlager"
      },
      "geometry": {
        "type": "Point",
        "coordinates": [
          12.970935,
          47.545813
        ]
      }
    },
    {
      "type": "Feature",
      "properties": {
        "hut_id": "priener-hutte-de",
        "hut": "Priener Hütte, DE",
        "name": "Priener Hütte",
        "country": "DE",
        "geocode_status": "OK",
        "formatted_address": "Bergseite-Ost, i.Ch, 9, 83229 Aschau im Chiemgau, Deutschland",
        "query_used": "Priener Hütte Germany",
        "reservation_url": "https://www.hut-reservation.org/reservation/book-hut/407/wizard",
        "website": "http://www.priener-huette.de/"
      },
      "geometry": {
        "type": "Point",
        "coordinates": [
          12.327922,
          47.702107
        ]
      }
    },
    {
      "type": "Feature",
      "properties": {
        "hut_id": "prinz-luitpoldhaus-de",
        "hut": "Prinz-Luitpoldhaus, DE",
        "name": "Prinz-Luitpoldhaus",
        "country": "DE",
        "geocode_status": "OK",
        "formatted_address": "Unnamed Road, 87541 Bad Hindelang, Deutschland",
        "query_used": "Prinz-Luitpoldhaus Germany",
        "reservation_url": "https://www.hut-reservation.org/reservation/book-hut/270/wizard",
        "website": "https://www.prinz-luitpoldhaus.de/"
      },
      "geometry": {
        "type": "Point",
        "coordinates": [
          10.420012,
          47.392477
        ]
      }
    },
    {
      "type": "Feature",
      "properties": {
        "hut_id": "rappenseehutte-de",
        "hut": "Rappenseehütte, DE",
        "name": "Rappenseehütte",
        "country": "DE",
        "geocode_status": "OK",
        "formatted_address": "87561 Oberstorf, Deutschland",
        "query_used": "Rappenseehütte Germany",
        "reservation_url": "https://www.hut-reservation.org/reservation/book-hut/707/wizard",
        "website": "https://www.dav-kempten.de/huetten/rappenseehuette"
      },
      "geometry": {
        "type": "Point",
        "coordinates": [
          10.255029,
          47.288858
        ]
      }
    },
    {
      "type": "Feature",
      "properties": {
        "hut_id": "reichenhaller-haus-de",
        "hut": "Reichenhaller Haus, DE",
        "name": "Reichenhaller Haus",
        "country": "DE",
        "geocode_status": "OK",
        "formatted_address": "Nonn 81, 83435 Bad Reichenhall, Deutschland",
        "query_used": "Reichenhaller Haus Germany",
        "reservation_url": "https://www.hut-reservation.org/reservation/book-hut/666/wizard",
        "website": "https://www.dav-badreichenhall.de/huetten-kletteranlagen/reichenhaller-haus"
      },
      "geometry": {
        "type": "Point",
        "coordinates": [
          12.8501,
          47.755228
        ]
      }
    },
    {
      "type": "Feature",
      "properties": {
        "hut_id": "reintalangerhutte-de",
        "hut": "Reintalangerhütte, DE",
        "name": "Reintalangerhütte",
        "country": "DE",
        "geocode_status": "OK",
        "formatted_address": "Reintalangerhütte 1, 82467 Garmisch-Partenkirchen, Deutschland",
        "query_used": "Reintalangerhütte Germany",
        "reservation_url": "https://www.hut-reservation.org/reservation/book-hut/128/wizard",
        "website": "https://www.alpenverein-muenchen-oberland.de/reintalangerhuette"
      },
      "geometry": {
        "type": "Point",
        "coordinates": [
          11.035667,
          47.405306
        ]
      }
    },
    {
      "type": "Feature",
      "properties": {
        "hut_id": "rotwandhaus-de",
        "hut": "Rotwandhaus, DE",
        "name": "Rotwandhaus",
        "country": "DE",
        "geocode_status": "OK",
        "formatted_address": "Spitzingsee 3, 83727 Schliersee, Deutschland",
        "query_used": "Rotwandhaus Germany",
        "reservation_url": "https://www.hut-reservation.org/reservation/book-hut/104/wizard",
        "website": "https://www.rotwandhaus.de/"
      },
      "geometry": {
        "type": "Point",
        "coordinates": [
          11.935278,
          47.64625
        ]
      }
    },
    {
      "type": "Feature",
      "properties": {
        "hut_id": "saupsdorfer-hutte-de",
        "hut": "Saupsdorfer Hütte, DE",
        "name": "Saupsdorfer Hütte",
        "country": "DE",
        "geocode_status": "OK",
        "formatted_address": "Hinteres Räumicht 1, 01855 Sebnitz-Kirnitzschtal, Deutschland",
        "query_used": "Saupsdorfer Hütte Germany",
        "reservation_url": "https://www.hut-reservation.org/reservation/book-hut/101/wizard",
        "website": "http://www.saupsdorfer-huette.de/"
      },
      "geometry": {
        "type": "Point",
        "coordinates": [
          14.335,
          50.927783
        ]
      }
    },
    {
      "type": "Feature",
      "properties": {
        "hut_id": "schneibsteinhaus-de",
        "hut": "Schneibsteinhaus, DE",
        "name": "Schneibsteinhaus",
        "country": "DE",
        "geocode_status": "OK",
        "formatted_address": "Königssee 3, 83471 Schönau am Königssee, Deutschland",
        "query_used": "Schneibsteinhaus Germany",
        "reservation_url": "https://www.hut-reservation.org/reservation/book-hut/327/wizard",
        "website": "https://www.schneibsteinhaus.de/"
      },
      "geometry": {
        "type": "Point",
        "coordinates": [
          13.039249,
          47.572147
        ]
      }
    },
    {
      "type": "Feature",
      "properties": {
        "hut_id": "schwarzenberghutte-dav-de",
        "hut": "Schwarzenberghütte (DAV), DE",
        "name": "Schwarzenberghütte (DAV)",
        "country": "DE",
        "geocode_status": "OK",
        "formatted_address": "Schwarzenberg 15, 87541 Bad Hindelang, Deutschland",
        "query_used": "Schwarzenberghütte (DAV) Germany",
        "reservation_url": "https://www.hut-reservation.org/reservation/book-hut/562/wizard",
        "website": "https://www.dav-illertissen.de/Schwarzenberghuette"
      },
      "geometry": {
        "type": "Point",
        "coordinates": [
          10.40679,
          47.4293
        ]
      }
    },
    {
      "type": "Feature",
      "properties": {
        "hut_id": "soiernhaus-de",
        "hut": "Soiernhaus, DE",
        "name": "Soiernhaus",
        "country": "DE",
        "geocode_status": "OK",
        "formatted_address": "82481 Mittenwald, Deutschland",
        "query_used": "Soiernhaus Germany",
        "reservation_url": "https://www.hut-reservation.org/reservation/book-hut/287/wizard",
        "website": "https://www.soiernhaus.de/"
      },
      "geometry": {
        "type": "Point",
        "coordinates": [
          11.35,
          47.49
        ]
      }
    },
    {
      "type": "Feature",
      "properties": {
        "hut_id": "staufner-haus-de",
        "hut": "Staufner Haus, DE",
        "name": "Staufner Haus",
        "country": "DE",
        "geocode_status": "OK",
        "formatted_address": "87534 Oberstaufen-Steibis, Deutschland",
        "query_used": "Staufner Haus Germany",
        "reservation_url": "https://www.hut-reservation.org/reservation/book-hut/85/wizard",
        "website": "https://www.staufner-haus.de/"
      },
      "geometry": {
        "type": "Point",
        "coordinates": [
          10.069167,
          47.491583
        ]
      }
    },
    {
      "type": "Feature",
      "properties": {
        "hut_id": "steinwaldhutte-de",
        "hut": "Steinwaldhütte, DE",
        "name": "Steinwaldhütte",
        "country": "DE",
        "geocode_status": "OK",
        "formatted_address": "Pfaben 29, 92681 Erbendorf, Deutschland",
        "query_used": "Steinwaldhütte Germany",
        "reservation_url": "https://www.hut-reservation.org/reservation/book-hut/547/wizard",
        "website": "https://www.alpenverein-regensburg.de/huetten/huetten-der-sektion/steinwaldhuette"
      },
      "geometry": {
        "type": "Point",
        "coordinates": [
          12.035445,
          49.877729
        ]
      }
    },
    {
      "type": "Feature",
      "properties": {
        "hut_id": "stohrhaus-de",
        "hut": "Stöhrhaus, DE",
        "name": "Stöhrhaus",
        "country": "DE",
        "geocode_status": "OK",
        "formatted_address": "Berchtesgadener Hochthronsteig, 83471 Bischofswiesen, Deutschland",
        "query_used": "Stöhrhaus Germany",
        "reservation_url": "https://www.hut-reservation.org/reservation/book-hut/84/wizard",
        "website": "https://www.stoehrhaus.de/"
      },
      "geometry": {
        "type": "Point",
        "coordinates": [
          12.980639,
          47.693111
        ]
      }
    },
    {
      "type": "Feature",
      "properties": {
        "hut_id": "sylvan-hutte-de",
        "hut": "Sylvan-Hütte, DE",
        "name": "Sylvan-Hütte",
        "country": "DE",
        "geocode_status": "OK",
        "formatted_address": "Weihersgrund, Bischbrunn, Am Schläglein 5, 97828 Marktheidenfeld, Deutschland",
        "query_used": "Sylvan-Hütte Germany",
        "reservation_url": "https://www.hut-reservation.org/reservation/book-hut/387/wizard",
        "website": "https://www.dav-main-spessart.de/"
      },
      "geometry": {
        "type": "Point",
        "coordinates": [
          9.479421,
          49.902413
        ]
      }
    },
    {
      "type": "Feature",
      "properties": {
        "hut_id": "taubensteinhaus-de",
        "hut": "Taubensteinhaus, DE",
        "name": "Taubensteinhaus",
        "country": "DE",
        "geocode_status": "OK",
        "formatted_address": "Taubenstein 1, 83735 Bayrischzell, Deutschland",
        "query_used": "Taubensteinhaus Germany",
        "reservation_url": "https://www.hut-reservation.org/reservation/book-hut/507/wizard",
        "website": "https://www.taubensteinhaus.de/"
      },
      "geometry": {
        "type": "Point",
        "coordinates": [
          11.9253,
          47.66083
        ]
      }
    },
    {
      "type": "Feature",
      "properties": {
        "hut_id": "traunsteiner-skihutte-winklmoosalm-de",
        "hut": "Traunsteiner Skihütte/ Winklmoosalm, DE",
        "name": "Traunsteiner Skihütte/ Winklmoosalm",
        "country": "DE",
        "geocode_status": "OK",
        "formatted_address": "Dürrnbachhornweg 14, 83242 Reit im Winkl-Winklmoos-Alm, Deutschland",
        "query_used": "Traunsteiner Skihütte/ Winklmoosalm Germany",
        "reservation_url": "https://www.hut-reservation.org/reservation/book-hut/324/wizard",
        "website": "https://www.traunsteinerhuette-winklmoos.de/"
      },
      "geometry": {
        "type": "Point",
        "coordinates": [
          12.58,
          47.65
        ]
      }
    },
    {
      "type": "Feature",
      "properties": {
        "hut_id": "tutzinger-hutte-de",
        "hut": "Tutzinger Hütte, DE",
        "name": "Tutzinger Hütte",
        "country": "DE",
        "geocode_status": "OK",
        "formatted_address": "Wurzweg 9, 83671 Benediktbeuern, Deutschland",
        "query_used": "Tutzinger Hütte Germany",
        "reservation_url": "https://www.hut-reservation.org/reservation/book-hut/212/wizard",
        "website": "https://tutzinger-huette.de/"
      },
      "geometry": {
        "type": "Point",
        "coordinates": [
          11.462417,
          47.657722
        ]
      }
    },
    {
      "type": "Feature",
      "properties": {
        "hut_id": "wanderheim-kreuzmoos-de",
        "hut": "Wanderheim Kreuzmoos, DE",
        "name": "Wanderheim Kreuzmoos",
        "country": "DE",
        "geocode_status": "OK",
        "formatted_address": "Kreuzmoos 1, 79348 Freiamt, Deutschland",
        "query_used": "Wanderheim Kreuzmoos Germany",
        "reservation_url": "https://www.hut-reservation.org/reservation/book-hut/224/wizard",
        "website": "https://www.wanderheim-kreuzmoos.de/"
      },
      "geometry": {
        "type": "Point",
        "coordinates": [
          7.97712,
          48.18936
        ]
      }
    },
    {
      "type": "Feature",
      "properties": {
        "hut_id": "watzmannhaus-de",
        "hut": "Watzmannhaus, DE",
        "name": "Watzmannhaus",
        "country": "DE",
        "geocode_status": "OK",
        "formatted_address": "Schapbachweg, 83486 Ramsau bei Berchtesgaden, Deutschland",
        "query_used": "Watzmannhaus Germany",
        "reservation_url": "https://www.hut-reservation.org/reservation/book-hut/151/wizard",
        "website": "https://www.watzmannhaus.de/"
      },
      "geometry": {
        "type": "Point",
        "coordinates": [
          12.93399,
          47.57133
        ]
      }
    },
    {
      "type": "Feature",
      "properties": {
        "hut_id": "wurgauer-haus-de",
        "hut": "Würgauer Haus, DE",
        "name": "Würgauer Haus",
        "country": "DE",
        "geocode_status": "OK",
        "formatted_address": "96110 Scheßlitz-Würgau, Deutschland",
        "query_used": "Würgauer Haus Germany",
        "reservation_url": "https://www.hut-reservation.org/reservation/book-hut/520/wizard",
        "website": "https://alpenverein-bamberg.de/huetten/wuergauer-haus/"
      },
      "geometry": {
        "type": "Point",
        "coordinates": [
          11.08992,
          49.98222
        ]
      }
    },
    {
      "type": "Feature",
      "properties": {
        "hut_id": "alpe-pozza-vincenzo-lancia-it",
        "hut": "Alpe Pozza \"Vincenzo Lancia\", IT",
        "name": "Alpe Pozza \"Vincenzo Lancia\"",
        "country": "IT",
        "geocode_status": "OK",
        "formatted_address": "Alpen",
        "query_used": "Alpe Pozza \"Vincenzo Lancia\" Italy",
        "reservation_url": "https://www.hut-reservation.org/reservation/book-hut/630/wizard",
        "website": "https://www.rifugiolancia.it/"
      },
      "geometry": {
        "type": "Point",
        "coordinates": [
          11.144719,
          45.827309
        ]
      }
    },
    {
      "type": "Feature",
      "properties": {
        "hut_id": "altissimo-damiano-chiesa-it",
        "hut": "Altissimo \"Damiano Chiesa\", IT",
        "name": "Altissimo \"Damiano Chiesa\"",
        "country": "IT",
        "geocode_status": "OK",
        "formatted_address": "Italien",
        "query_used": "Altissimo \"Damiano Chiesa\" Italy",
        "reservation_url": "https://www.hut-reservation.org/reservation/book-hut/625/wizard",
        "website": "https://rifugioaltissimoda.wixsite.com/homepage"
      },
      "geometry": {
        "type": "Point",
        "coordinates": [
          10.890379,
          45.810375
        ]
      }
    },
    {
      "type": "Feature",
      "properties": {
        "hut_id": "bocca-di-trat-nino-pernici-it",
        "hut": "Bocca di Trat \"Nino Pernici\", IT",
        "name": "Bocca di Trat \"Nino Pernici\"",
        "country": "IT",
        "geocode_status": "OK",
        "formatted_address": "Località Bocca di Trat, 38067 Ledro TN, Italien",
        "query_used": "Bocca di Trat \"Nino Pernici\" Italy",
        "reservation_url": "https://www.hut-reservation.org/reservation/book-hut/631/wizard",
        "website": "https://www.sat.tn.it/rifugio-bocca-di-trat-nino-pernici/"
      },
      "geometry": {
        "type": "Point",
        "coordinates": [
          10.768671,
          45.926631
        ]
      }
    },
    {
      "type": "Feature",
      "properties": {
        "hut_id": "boe-it",
        "hut": "Boé, IT",
        "name": "Boé",
        "country": "IT",
        "geocode_status": "OK",
        "formatted_address": "Italien",
        "query_used": "Boé Italy",
        "reservation_url": "https://www.hut-reservation.org/reservation/book-hut/608/wizard",
        "website": "https://www.rifugioboe.it/"
      },
      "geometry": {
        "type": "Point",
        "coordinates": [
          11.823281,
          46.514614
        ]
      }
    },
    {
      "type": "Feature",
      "properties": {
        "hut_id": "brixner-hutte-it",
        "hut": "Brixner Hütte, IT",
        "name": "Brixner Hütte",
        "country": "IT",
        "geocode_status": "OK",
        "formatted_address": "Rauhtaljoch, 39037 Valles BZ, Italien",
        "query_used": "Brixner Hütte Italy",
        "reservation_url": "https://www.hut-reservation.org/reservation/book-hut/389/wizard",
        "website": "http://www.brixnerhuette.it/"
      },
      "geometry": {
        "type": "Point",
        "coordinates": [
          11.620518,
          46.912911
        ]
      }
    },
    {
      "type": "Feature",
      "properties": {
        "hut_id": "care-alto-dante-ongari-it",
        "hut": "Caré Alto \"Dante Ongari\", IT",
        "name": "Caré Alto \"Dante Ongari\"",
        "country": "IT",
        "geocode_status": "OK",
        "formatted_address": "Carè Alto, 38094 Villa Rendena, Autonome Provinz Trient, Italien",
        "query_used": "Caré Alto \"Dante Ongari\" Italy",
        "reservation_url": "https://www.hut-reservation.org/reservation/book-hut/642/wizard",
        "website": "https://www.rifugiocarealto.it/"
      },
      "geometry": {
        "type": "Point",
        "coordinates": [
          10.626103,
          46.107651
        ]
      }
    },
    {
      "type": "Feature",
      "properties": {
        "hut_id": "casarota-livio-ciola-it",
        "hut": "Casarota \"Livio Ciola\", IT",
        "name": "Casarota \"Livio Ciola\"",
        "country": "IT",
        "geocode_status": "OK",
        "formatted_address": "Localita' Casarota, 1, 38046 Lavarone TN, Italien",
        "query_used": "Casarota \"Livio Ciola\" Italy",
        "reservation_url": "https://www.hut-reservation.org/reservation/book-hut/628/wizard",
        "website": "https://www.sat.tn.it/rifugio-casarota-l-ciola/"
      },
      "geometry": {
        "type": "Point",
        "coordinates": [
          11.195494,
          45.954421
        ]
      }
    },
    {
      "type": "Feature",
      "properties": {
        "hut_id": "cevedale-guido-larcher-it",
        "hut": "Cevedale \"Guido Larcher\", IT",
        "name": "Cevedale \"Guido Larcher\"",
        "country": "IT",
        "geocode_status": "OK",
        "formatted_address": "Località Alta Val, 38024 Peio TN, Italien",
        "query_used": "Cevedale \"Guido Larcher\" Italy",
        "reservation_url": "https://www.hut-reservation.org/reservation/book-hut/645/wizard",
        "website": "https://www.rifugiocevedale.it/"
      },
      "geometry": {
        "type": "Point",
        "coordinates": [
          10.665993,
          46.436915
        ]
      }
    },
    {
      "type": "Feature",
      "properties": {
        "hut_id": "ciampedie-it",
        "hut": "Ciampedié, IT",
        "name": "Ciampedié",
        "country": "IT",
        "geocode_status": "OK",
        "formatted_address": "Ciampedie, 38036 San Giovanni di Fassa TN, Italien",
        "query_used": "Ciampedié Italy",
        "reservation_url": "https://www.hut-reservation.org/reservation/book-hut/623/wizard",
        "website": "https://www.instagram.com/rifugio_ciampedie/"
      },
      "geometry": {
        "type": "Point",
        "coordinates": [
          11.664272,
          46.433865
        ]
      }
    },
    {
      "type": "Feature",
      "properties": {
        "hut_id": "cima-d-asta-ottone-brentari-it",
        "hut": "Cima d'Asta \"Ottone Brentari\", IT",
        "name": "Cima d'Asta \"Ottone Brentari\"",
        "country": "IT",
        "geocode_status": "OK",
        "formatted_address": "Cima d'Asta, 38050 Pieve Tesino, Autonome Provinz Trient, Italien",
        "query_used": "Cima d'Asta \"Ottone Brentari\" Italy",
        "reservation_url": "https://www.hut-reservation.org/reservation/book-hut/626/wizard",
        "website": "https://www.rifugio-cimadasta.it/"
      },
      "geometry": {
        "type": "Point",
        "coordinates": [
          11.604395,
          46.170309
        ]
      }
    },
    {
      "type": "Feature",
      "properties": {
        "hut_id": "dreischusterhutte-it",
        "hut": "Dreischusterhütte, IT",
        "name": "Dreischusterhütte",
        "country": "IT",
        "geocode_status": "OK",
        "formatted_address": "Valle Campo di Dentro, 1, 39038 San Candido BZ, Italien",
        "query_used": "Dreischusterhütte Italy",
        "reservation_url": "https://www.hut-reservation.org/reservation/book-hut/310/wizard",
        "website": "http://www.drei-schuster-huette.com/"
      },
      "geometry": {
        "type": "Point",
        "coordinates": [
          12.29722,
          46.67453
        ]
      }
    },
    {
      "type": "Feature",
      "properties": {
        "hut_id": "giorgio-graffer-al-groste-it",
        "hut": "Giorgio Graffer al Grosté, IT",
        "name": "Giorgio Graffer al Grosté",
        "country": "IT",
        "geocode_status": "OK",
        "formatted_address": "38095 Tre Ville, Autonome Provinz Trient, Italien",
        "query_used": "Giorgio Graffer al Grosté Italy",
        "reservation_url": "https://www.hut-reservation.org/reservation/book-hut/634/wizard",
        "website": "http://www.graffer.com/"
      },
      "geometry": {
        "type": "Point",
        "coordinates": [
          10.889412,
          46.219654
        ]
      }
    },
    {
      "type": "Feature",
      "properties": {
        "hut_id": "hochfeilerhutte-it",
        "hut": "Hochfeilerhütte, IT",
        "name": "Hochfeilerhütte",
        "country": "IT",
        "geocode_status": "OK",
        "formatted_address": "hochfeiler, 1, 39049 Stazione BZ, Italien",
        "query_used": "Hochfeilerhütte Italy",
        "reservation_url": "https://www.hut-reservation.org/reservation/book-hut/257/wizard",
        "website": "http://www.xn--hochfeilerhtte-qsb.com/"
      },
      "geometry": {
        "type": "Point",
        "coordinates": [
          11.7085,
          46.962
        ]
      }
    },
    {
      "type": "Feature",
      "properties": {
        "hut_id": "julius-payer-hutte-rif-julius-payer-it",
        "hut": "Julius Payer Hütte (Rif. Julius Payer), IT",
        "name": "Julius Payer Hütte (Rif. Julius Payer)",
        "country": "IT",
        "geocode_status": "OK",
        "formatted_address": "39029 Sulden, Autonome Provinz Bozen - Südtirol, Italien",
        "query_used": "Julius Payer Hütte (Rif. Julius Payer) Italy",
        "reservation_url": "https://www.hut-reservation.org/reservation/book-hut/687/wizard",
        "website": "https://www.payerhuette.com/"
      },
      "geometry": {
        "type": "Point",
        "coordinates": [
          10.543438,
          46.52746
        ]
      }
    },
    {
      "type": "Feature",
      "properties": {
        "hut_id": "magdeburger-hutte-rif-cremona-alla-stua-it",
        "hut": "Magdeburger Hütte (Rif. Cremona alla Stua), IT",
        "name": "Magdeburger Hütte (Rif. Cremona alla Stua)",
        "country": "IT",
        "geocode_status": "OK",
        "formatted_address": "Pflersch, 39041 Brenner, Autonome Provinz Bozen - Südtirol, Italien",
        "query_used": "Magdeburger Hütte (Rif. Cremona alla Stua) Italy",
        "reservation_url": "https://www.hut-reservation.org/reservation/book-hut/733/wizard",
        "website": "https://www.magdeburgerhuette.it/"
      },
      "geometry": {
        "type": "Point",
        "coordinates": [
          11.284193,
          46.973525
        ]
      }
    },
    {
      "type": "Feature",
      "properties": {
        "hut_id": "mandron-citta-di-trento-it",
        "hut": "Mandron \"Città di Trento\", IT",
        "name": "Mandron \"Città di Trento\"",
        "country": "IT",
        "geocode_status": "OK",
        "formatted_address": "Trient, Autonome Provinz Trient, Italien",
        "query_used": "Mandron \"Città di Trento\" Italy",
        "reservation_url": "https://www.hut-reservation.org/reservation/book-hut/641/wizard",
        "website": "https://www.rifugiomandrone.com/"
      },
      "geometry": {
        "type": "Point",
        "coordinates": [
          10.571175,
          46.202565
        ]
      }
    },
    {
      "type": "Feature",
      "properties": {
        "hut_id": "marteller-hutte-it",
        "hut": "Marteller Hütte, IT",
        "name": "Marteller Hütte",
        "country": "IT",
        "geocode_status": "OK",
        "formatted_address": "Alta Valle, 200, 39020 Martello BZ, Italien",
        "query_used": "Marteller Hütte Italy",
        "reservation_url": "https://www.hut-reservation.org/reservation/book-hut/442/wizard",
        "website": "http://www.martellerhuette.com/"
      },
      "geometry": {
        "type": "Point",
        "coordinates": [
          10.6731,
          46.4696
        ]
      }
    },
    {
      "type": "Feature",
      "properties": {
        "hut_id": "meraner-hutte-it",
        "hut": "Meraner Hütte, IT",
        "name": "Meraner Hütte",
        "country": "IT",
        "geocode_status": "OK",
        "formatted_address": "Piffingerweg, 47, 39010 Hafling Oberdorf, Autonome Provinz Bozen - Südtirol, Italien",
        "query_used": "Meraner Hütte Italy",
        "reservation_url": "https://www.hut-reservation.org/reservation/book-hut/126/wizard",
        "website": "https://www.meranerhuette.it/"
      },
      "geometry": {
        "type": "Point",
        "coordinates": [
          11.281955,
          46.683048
        ]
      }
    },
    {
      "type": "Feature",
      "properties": {
        "hut_id": "monte-calino-san-pietro-it",
        "hut": "Monte Calino \"San Pietro\", IT",
        "name": "Monte Calino \"San Pietro\"",
        "country": "IT",
        "geocode_status": "OK",
        "formatted_address": "San Pietro, 09014 Carloforte, Province of Sulcis Iglesiente, Italien",
        "query_used": "Monte Calino \"San Pietro\" Italy",
        "reservation_url": "https://www.hut-reservation.org/reservation/book-hut/651/wizard",
        "website": "https://www.rifugiosanpietro.it/"
      },
      "geometry": {
        "type": "Point",
        "coordinates": [
          10.50224,
          45.56011
        ]
      }
    },
    {
      "type": "Feature",
      "properties": {
        "hut_id": "monte-casale-don-zio-pisoni-it",
        "hut": "Monte Casale \"Don Zio Pisoni\", IT",
        "name": "Monte Casale \"Don Zio Pisoni\"",
        "country": "IT",
        "geocode_status": "OK",
        "formatted_address": "Italien",
        "query_used": "Monte Casale \"Don Zio Pisoni\" Italy",
        "reservation_url": "https://www.hut-reservation.org/reservation/book-hut/647/wizard",
        "website": "https://www.sat.tn.it/rifugio-don-zio-pisoni-al-monte-casale/"
      },
      "geometry": {
        "type": "Point",
        "coordinates": [
          10.924548,
          46.030058
        ]
      }
    },
    {
      "type": "Feature",
      "properties": {
        "hut_id": "monzoni-torquato-taramelli-it",
        "hut": "Monzoni \"Torquato Taramelli\", IT",
        "name": "Monzoni \"Torquato Taramelli\"",
        "country": "IT",
        "geocode_status": "OK",
        "formatted_address": "Monzoni, 32023 Rocca Pietore, Province of Belluno, Italien",
        "query_used": "Monzoni \"Torquato Taramelli\" Italy",
        "reservation_url": "https://www.hut-reservation.org/reservation/book-hut/609/wizard",
        "website": "https://www.rifugiotaramelli.it/"
      },
      "geometry": {
        "type": "Point",
        "coordinates": [
          11.740311,
          46.39462
        ]
      }
    },
    {
      "type": "Feature",
      "properties": {
        "hut_id": "mullerhutte-rif-cima-libera-it",
        "hut": "Müllerhütte - Rif. Cima Libera, IT",
        "name": "Müllerhütte - Rif. Cima Libera",
        "country": "IT",
        "geocode_status": "OK",
        "formatted_address": "ridnaun 1, 39040 Racines BZ, Italien",
        "query_used": "Müllerhütte - Rif. Cima Libera Italy",
        "reservation_url": "https://www.hut-reservation.org/reservation/book-hut/570/wizard",
        "website": "http://www.muellerhuette.eu/"
      },
      "geometry": {
        "type": "Point",
        "coordinates": [
          11.18,
          46.96
        ]
      }
    },
    {
      "type": "Feature",
      "properties": {
        "hut_id": "oberetteshutte-it",
        "hut": "Oberetteshütte, IT",
        "name": "Oberetteshütte",
        "country": "IT",
        "geocode_status": "OK",
        "formatted_address": "Karin e Edwin Heinisch, 39024 Mazia, Malles Venosta BZ, Italien",
        "query_used": "Oberetteshütte Italy",
        "reservation_url": "https://www.hut-reservation.org/reservation/book-hut/230/wizard",
        "website": "http://www.oberettes.it/"
      },
      "geometry": {
        "type": "Point",
        "coordinates": [
          10.711189,
          46.764801
        ]
      }
    },
    {
      "type": "Feature",
      "properties": {
        "hut_id": "paludei-it",
        "hut": "Paludei, IT",
        "name": "Paludei",
        "country": "IT",
        "geocode_status": "OK",
        "formatted_address": "32016 Paludi BL, Italien",
        "query_used": "Paludei Italy",
        "reservation_url": "https://www.hut-reservation.org/reservation/book-hut/742/wizard",
        "website": "https://www.sat.tn.it/rifugio-paludei/"
      },
      "geometry": {
        "type": "Point",
        "coordinates": [
          11.224404,
          45.971249
        ]
      }
    },
    {
      "type": "Feature",
      "properties": {
        "hut_id": "peller-it",
        "hut": "Peller, IT",
        "name": "Peller",
        "country": "IT",
        "geocode_status": "OK",
        "formatted_address": "Italien",
        "query_used": "Peller Italy",
        "reservation_url": "https://www.hut-reservation.org/reservation/book-hut/633/wizard",
        "website": "https://www.rifugiopeller.com/"
      },
      "geometry": {
        "type": "Point",
        "coordinates": [
          10.952679,
          46.32225
        ]
      }
    },
    {
      "type": "Feature",
      "properties": {
        "hut_id": "prova-it",
        "hut": "Prova, IT",
        "name": "Prova",
        "country": "IT",
        "geocode_status": "OK",
        "formatted_address": "39040 Proveis, Autonome Provinz Bozen - Südtirol, Italien",
        "query_used": "Prova Italy",
        "reservation_url": "https://www.hut-reservation.org/reservation/book-hut/607/wizard",
        "website": "https://www.sat.tn.it/"
      },
      "geometry": {
        "type": "Point",
        "coordinates": [
          11.12331,
          46.07
        ]
      }
    },
    {
      "type": "Feature",
      "properties": {
        "hut_id": "radlseehutte-it",
        "hut": "Radlseehütte, IT",
        "name": "Radlseehütte",
        "country": "IT",
        "geocode_status": "OK",
        "formatted_address": "Othmar-Winkler-Weg, 39040 Velturno BZ, Italien",
        "query_used": "Radlseehütte Italy",
        "reservation_url": "https://www.hut-reservation.org/reservation/book-hut/285/wizard",
        "website": "http://www.radlseehuette.it/"
      },
      "geometry": {
        "type": "Point",
        "coordinates": [
          11.580207,
          46.707917
        ]
      }
    },
    {
      "type": "Feature",
      "properties": {
        "hut_id": "rieserfernerhutte-it",
        "hut": "Rieserfernerhütte, IT",
        "name": "Rieserfernerhütte",
        "country": "IT",
        "geocode_status": "OK",
        "formatted_address": "24030 Rasen-Antholz, Autonome Provinz Bozen - Südtirol, Italien",
        "query_used": "Rieserfernerhütte Italy",
        "reservation_url": "https://www.hut-reservation.org/reservation/book-hut/412/wizard",
        "website": "https://alpenverein.it/huette/rieserfernerhuette/"
      },
      "geometry": {
        "type": "Point",
        "coordinates": [
          12.07,
          46.89
        ]
      }
    },
    {
      "type": "Feature",
      "properties": {
        "hut_id": "roda-di-vael-it",
        "hut": "Roda di Vael, IT",
        "name": "Roda di Vael",
        "country": "IT",
        "geocode_status": "OK",
        "formatted_address": "Rotwand, 38036 San Giovanni di Fassa, Autonome Provinz Trient, Italien",
        "query_used": "Roda di Vael Italy",
        "reservation_url": "https://www.hut-reservation.org/reservation/book-hut/624/wizard",
        "website": "https://www.rodadivael.it/"
      },
      "geometry": {
        "type": "Point",
        "coordinates": [
          11.630136,
          46.420195
        ]
      }
    },
    {
      "type": "Feature",
      "properties": {
        "hut_id": "rosetta-giovanni-pedrotti-it",
        "hut": "Rosetta \"Giovanni Pedrotti\", IT",
        "name": "Rosetta \"Giovanni Pedrotti\"",
        "country": "IT",
        "geocode_status": "OK",
        "formatted_address": "Italien",
        "query_used": "Rosetta \"Giovanni Pedrotti\" Italy",
        "reservation_url": "https://www.hut-reservation.org/reservation/book-hut/619/wizard",
        "website": "https://www.rifugiorosetta.it/"
      },
      "geometry": {
        "type": "Point",
        "coordinates": [
          11.83902,
          46.267422
        ]
      }
    },
    {
      "type": "Feature",
      "properties": {
        "hut_id": "saent-silvio-dorigoni-it",
        "hut": "Saènt \"Silvio Dorigoni\", IT",
        "name": "Saènt \"Silvio Dorigoni\"",
        "country": "IT",
        "geocode_status": "OK",
        "formatted_address": "Alta Val Saent, 38020 Rabbi TN, Italien",
        "query_used": "Saènt \"Silvio Dorigoni\" Italy",
        "reservation_url": "https://www.hut-reservation.org/reservation/book-hut/646/wizard",
        "website": "https://rifugiodorigoni.it/"
      },
      "geometry": {
        "type": "Point",
        "coordinates": [
          10.751911,
          46.460635
        ]
      }
    },
    {
      "type": "Feature",
      "properties": {
        "hut_id": "schlernbodelehutte-it",
        "hut": "Schlernbödelehütte, IT",
        "name": "Schlernbödelehütte",
        "country": "IT",
        "geocode_status": "OK",
        "formatted_address": "Nur zu Fuß von Hotel Bad Ratzes oder von der Bergstation der Seiseralmbahn erreichbar, Via Ratzes, 39040 Siusi BZ, Italien",
        "query_used": "Schlernbödelehütte Italy",
        "reservation_url": "https://www.hut-reservation.org/reservation/book-hut/284/wizard",
        "website": "http://schlernboedelehuette.com/"
      },
      "geometry": {
        "type": "Point",
        "coordinates": [
          11.58,
          46.52
        ]
      }
    },
    {
      "type": "Feature",
      "properties": {
        "hut_id": "schwarzensteinhutte-rif-al-sasso-nero-it",
        "hut": "Schwarzensteinhütte (Rif. al Sasso Nero), IT",
        "name": "Schwarzensteinhütte (Rif. al Sasso Nero)",
        "country": "IT",
        "geocode_status": "OK",
        "formatted_address": "31050 Al Sasso, Province of Treviso, Italien",
        "query_used": "Schwarzensteinhütte (Rif. al Sasso Nero) Italy",
        "reservation_url": "https://www.hut-reservation.org/reservation/book-hut/685/wizard",
        "website": "https://www.schwarzensteinhuette.com/"
      },
      "geometry": {
        "type": "Point",
        "coordinates": [
          11.885647,
          47.013
        ]
      }
    },
    {
      "type": "Feature",
      "properties": {
        "hut_id": "sesvennahutte-it",
        "hut": "Sesvennahütte, IT",
        "name": "Sesvennahütte",
        "country": "IT",
        "geocode_status": "OK",
        "formatted_address": "39024 Schlinig, Autonome Provinz Bozen - Südtirol, Italien",
        "query_used": "Sesvennahütte Italy",
        "reservation_url": "https://www.hut-reservation.org/reservation/book-hut/276/wizard",
        "website": "https://sesvennahuette.it/"
      },
      "geometry": {
        "type": "Point",
        "coordinates": [
          10.43552,
          46.73449
        ]
      }
    },
    {
      "type": "Feature",
      "properties": {
        "hut_id": "sette-selle-it",
        "hut": "Sette Selle, IT",
        "name": "Sette Selle",
        "country": "IT",
        "geocode_status": "OK",
        "formatted_address": "Val del laner, 38050 Trento TN, Italien",
        "query_used": "Sette Selle Italy",
        "reservation_url": "https://www.hut-reservation.org/reservation/book-hut/627/wizard",
        "website": "https://www.sat.tn.it/gruppo-lagorai-rifugio-sette-selle/"
      },
      "geometry": {
        "type": "Point",
        "coordinates": [
          11.392361,
          46.13233
        ]
      }
    },
    {
      "type": "Feature",
      "properties": {
        "hut_id": "stavel-francesco-denza-it",
        "hut": "Stavèl \"Francesco Denza\", IT",
        "name": "Stavèl \"Francesco Denza\"",
        "country": "IT",
        "geocode_status": "OK",
        "formatted_address": "Via di Dossi, 52, 38029 Fraviano TN, Italien",
        "query_used": "Stavèl \"Francesco Denza\" Italy",
        "reservation_url": "https://www.hut-reservation.org/reservation/book-hut/639/wizard",
        "website": "https://www.rifugiodenza.com/"
      },
      "geometry": {
        "type": "Point",
        "coordinates": [
          10.655236,
          46.243415
        ]
      }
    },
    {
      "type": "Feature",
      "properties": {
        "hut_id": "tiefrastenhutte-it",
        "hut": "Tiefrastenhütte, IT",
        "name": "Tiefrastenhütte",
        "country": "IT",
        "geocode_status": "OK",
        "formatted_address": "Tiefrastenhütte, 39030 Terento BZ, Italien",
        "query_used": "Tiefrastenhütte Italy",
        "reservation_url": "https://www.hut-reservation.org/reservation/book-hut/301/wizard",
        "website": "https://www.tiefrasten.com/"
      },
      "geometry": {
        "type": "Point",
        "coordinates": [
          11.78159,
          46.87628
        ]
      }
    },
    {
      "type": "Feature",
      "properties": {
        "hut_id": "tosa-tommaso-pedrotti-it",
        "hut": "Tosa \"Tommaso Pedrotti\", IT",
        "name": "Tosa \"Tommaso Pedrotti\"",
        "country": "IT",
        "geocode_status": "OK",
        "formatted_address": "Località Bocca di Brenta, 38018, 38018 San Lorenzo Dorsino TN, Italien",
        "query_used": "Tosa \"Tommaso Pedrotti\" Italy",
        "reservation_url": "https://www.hut-reservation.org/reservation/book-hut/636/wizard",
        "website": "https://rifugiotosapedrotti.it/"
      },
      "geometry": {
        "type": "Point",
        "coordinates": [
          10.898766,
          46.15413
        ]
      }
    },
    {
      "type": "Feature",
      "properties": {
        "hut_id": "val-d-ambiez-silvio-agostini-it",
        "hut": "Val d'Ambiez \"Silvio Agostini\", IT",
        "name": "Val d'Ambiez \"Silvio Agostini\"",
        "country": "IT",
        "geocode_status": "OK",
        "formatted_address": "Val d’Ambiéz, 38078 San Lorenzo Dorsino TN, Italien",
        "query_used": "Val d'Ambiez \"Silvio Agostini\" Italy",
        "reservation_url": "https://www.hut-reservation.org/reservation/book-hut/637/wizard",
        "website": "https://www.rifugioagostini.com/"
      },
      "geometry": {
        "type": "Point",
        "coordinates": [
          10.869477,
          46.142434
        ]
      }
    },
    {
      "type": "Feature",
      "properties": {
        "hut_id": "val-d-amola-giovanni-segantini-it",
        "hut": "Val d'Amola \"Giovanni Segantini\", IT",
        "name": "Val d'Amola \"Giovanni Segantini\"",
        "country": "IT",
        "geocode_status": "OK",
        "formatted_address": "Italien",
        "query_used": "Val d'Amola \"Giovanni Segantini\" Italy",
        "reservation_url": "https://www.hut-reservation.org/reservation/book-hut/640/wizard",
        "website": "https://www.rifugiosegantini.com/"
      },
      "geometry": {
        "type": "Point",
        "coordinates": [
          10.710788,
          46.209112
        ]
      }
    },
    {
      "type": "Feature",
      "properties": {
        "hut_id": "val-di-fumo-it",
        "hut": "Val di Fumo, IT",
        "name": "Val di Fumo",
        "country": "IT",
        "geocode_status": "OK",
        "formatted_address": "Val di Daone, 38091 Valdaone TN, Italien",
        "query_used": "Val di Fumo Italy",
        "reservation_url": "https://www.hut-reservation.org/reservation/book-hut/643/wizard",
        "website": "https://www.sat.tn.it/rifugio-val-di-fumo/"
      },
      "geometry": {
        "type": "Point",
        "coordinates": [
          10.562531,
          46.084492
        ]
      }
    },
    {
      "type": "Feature",
      "properties": {
        "hut_id": "vioz-mantova-it",
        "hut": "Vioz \"Mantova\", IT",
        "name": "Vioz \"Mantova\"",
        "country": "IT",
        "geocode_status": "OK",
        "formatted_address": "Monte Vioz, 38024 Peio TN, Italien",
        "query_used": "Vioz \"Mantova\" Italy",
        "reservation_url": "https://www.hut-reservation.org/reservation/book-hut/644/wizard",
        "website": "https://www.rifugiovioz.it/"
      },
      "geometry": {
        "type": "Point",
        "coordinates": [
          10.63578,
          46.3992
        ]
      }
    },
    {
      "type": "Feature",
      "properties": {
        "hut_id": "xii-apostoli-fratelli-garbari-it",
        "hut": "XII Apostoli \"Fratelli Garbari\", IT",
        "name": "XII Apostoli \"Fratelli Garbari\"",
        "country": "IT",
        "geocode_status": "OK",
        "formatted_address": "00013 XII Apostoli RM, Italien",
        "query_used": "XII Apostoli \"Fratelli Garbari\" Italy",
        "reservation_url": "https://www.hut-reservation.org/reservation/book-hut/638/wizard",
        "website": "https://rifugiododiciapostoli.net/"
      },
      "geometry": {
        "type": "Point",
        "coordinates": [
          10.847428,
          46.15064
        ]
      }
    },
    {
      "type": "Feature",
      "properties": {
        "hut_id": "zsigmondyhutte-rif-comici-it",
        "hut": "Zsigmondyhütte (Rif. Comici), IT",
        "name": "Zsigmondyhütte (Rif. Comici)",
        "country": "IT",
        "geocode_status": "OK",
        "formatted_address": "Dolomitenstraße, 43, 39030 Sexten, Autonome Provinz Bozen - Südtirol, Italien",
        "query_used": "Zsigmondyhütte (Rif. Comici) Italy",
        "reservation_url": "NA",
        "website": "NA"
      },
      "geometry": {
        "type": "Point",
        "coordinates": [
          12.357851,
          46.62853
        ]
      }
    },
    {
      "type": "Feature",
      "properties": {
        "hut_id": "pfalzerhutte-lav-li",
        "hut": "Pfälzerhütte LAV, LI",
        "name": "Pfälzerhütte LAV",
        "country": "LI",
        "geocode_status": "OK",
        "formatted_address": "Bettlerjoch, 9497 Malbun, Liechtenstein",
        "query_used": "Pfälzerhütte LAV Liechtenstein",
        "reservation_url": "https://www.hut-reservation.org/reservation/book-hut/723/wizard",
        "website": "https://www.pfaelzerhuette.com/"
      },
      "geometry": {
        "type": "Point",
        "coordinates": [
          9.613255,
          47.071327
        ]
      }
    },
    {
      "type": "Feature",
      "properties": {
        "hut_id": "chesa-sut-baselgia-stugl-ch",
        "hut": "Chesa sut Baselgia, Stugl, CH",
        "name": "Chesa sut Baselgia",
        "country": "Stugl, CH",
        "geocode_status": "OK",
        "formatted_address": "Veja da Stuls, Stugl/Stuls 25, 7482 Bergün Filisur, Schweiz",
        "query_used": "Chesa sut Baselgia Stugl, CH",
        "reservation_url": "NA",
        "website": "NA"
      },
      "geometry": {
        "type": "Point",
        "coordinates": [
          9.731,
          46.65
        ]
      }
    }
  ]
}
